,code,open,high,low,close
0,601368,7.72,9.26,7.72,
1,300479,14.54,15.87,14.54,
2,300470,41.52,49.82,41.52,
3,300473,37.96,41.41,37.96,
4,002767,17.84,21.41,17.84,
5,002765,9.69,11.04,9.69,
6,000667,6.8,7.43,6.77,
7,601985,5.91,5.91,5.91,
8,600982,12.1,13.26,12.06,
9,000506,14.8,14.8,14.8,
10,002070,16.75,18.43,16.75,
11,002596,18.76,18.76,18.76,
12,600059,18.18,19.97,18.18,
13,600393,15.57,17.01,15.02,
14,002760,13.17,13.17,13.17,
15,300464,17.78,17.78,17.78,
16,000509,12.27,13.5,12.08,
17,002763,22.83,22.83,22.83,
18,600797,22.57,23.6,22.05,
19,002222,22.03,24.26,21.89,
20,600017,9.19,9.99,8.98,
21,600235,18.17,19.98,17.81,
22,002565,14.0,15.26,13.87,
23,300476,24.92,24.92,24.92,
24,002457,19.07,20.97,18.78,
25,300026,26.24,26.24,26.24,
26,600151,16.91,16.91,16.91,
27,600995,15.25,16.8,15.11,
28,000606,15.39,16.8,15.15,
29,000301,10.6,11.64,10.5,
30,300099,27.0,29.32,26.4,
31,002244,23.8,24.6,23.5,
32,600303,12.1,13.29,11.81,
33,000778,12.37,12.96,12.08,
34,600960,19.1,20.98,18.8,
35,002099,32.62,35.26,32.0,
36,002548,25.55,27.68,25.08,
37,002169,33.32,36.58,33.32,
38,002449,21.98,24.17,21.98,
39,002668,37.07,39.33,37.07,
40,300098,31.2,31.2,31.2,
41,600736,16.35,17.47,15.97,
42,600768,30.45,33.4,30.45,
43,000985,30.71,34.17,30.71,
44,002476,17.14,17.14,17.14,
45,002502,34.83,34.83,34.83,
46,300298,41.97,41.97,41.97,
47,600501,33.55,36.7,32.8,
48,600640,32.06,35.27,31.88,
49,603311,47.47,47.47,47.47,
50,300165,45.33,47.69,45.33,
51,600896,10.11,10.11,10.11,
52,000636,18.02,19.34,18.02,
53,002539,45.0,49.45,45.0,
54,300366,39.12,39.12,39.12,
55,000886,10.11,11.1,10.11,
56,600220,10.79,11.87,10.75,
57,002201,22.92,25.06,22.92,
58,002261,61.5,63.2,61.49,
59,300108,22.58,24.4,21.9,
60,300460,62.32,62.32,56.7,
61,002339,49.45,54.41,49.0,
62,600131,14.6,16.05,14.6,
63,000533,13.6,14.95,13.6,
64,002319,29.57,29.57,29.57,
65,600150,62.36,68.6,61.5,
66,600335,34.6,37.93,34.6,
67,600639,36.72,36.72,36.72,
68,000513,86.9,95.65,86.51,
69,002637,33.97,37.05,33.97,
70,603198,48.49,48.49,46.72,
71,000058,18.48,20.23,18.2,
72,000861,21.0,22.98,20.69,
73,002312,61.74,64.1,61.74,
74,002762,45.3,45.3,45.3,
75,300463,114.9,114.9,114.9,
76,000957,23.04,25.18,23.04,
77,002562,27.07,29.8,26.66,
78,002759,49.37,49.37,49.37,
79,300356,78.67,86.54,77.45,
80,300471,85.55,85.55,85.55,
81,600685,69.22,75.99,67.58,
82,603918,39.04,39.04,39.04,
83,002441,35.3,35.3,32.5,
84,002630,34.86,34.86,34.86,
85,300148,36.07,36.07,36.07,
86,603010,56.75,56.75,54.59,
87,002180,66.3,71.27,66.2,
88,002424,95.6,104.37,95.4,
89,300038,59.91,65.55,59.91,
90,300396,53.89,53.89,53.89,
91,300451,149.46,149.46,149.46,
92,603898,124.56,137.49,124.5,
93,300380,143.8,158.61,141.0,
94,300458,123.3,123.3,123.3,
95,300467,152.55,152.55,152.55,
96,300468,84.8,84.8,84.8,
97,600153,23.36,25.52,22.61,
98,600448,13.62,14.96,13.62,
99,600863,7.06,7.81,7.02,
100,601801,36.8,40.26,36.63,
101,603026,24.31,24.31,24.31,
102,603066,19.69,19.69,19.69,
103,603568,46.31,46.31,46.31,
104,603598,32.56,32.56,32.56,
105,603669,48.07,48.07,48.07,
106,000031,15.1,16.72,14.71,
107,000417,17.9,19.14,17.45,
108,002022,54.95,60.5,54.31,
109,002078,8.95,9.79,8.9,
110,002090,44.36,48.84,44.15,
111,002125,28.23,31.02,28.2,
112,002290,61.58,64.13,61.58,
113,002363,34.7,37.95,34.7,
114,002456,54.01,54.01,54.01,
115,002486,9.53,10.45,9.53,
116,002546,35.88,39.05,35.58,
117,002592,59.9,66.22,59.81,
118,002627,37.1,40.37,37.1,
119,002629,13.83,15.07,13.82,
120,002640,111.0,115.5,110.5,
121,002717,29.81,29.81,29.0,
122,300030,32.38,35.42,32.38,
123,300291,50.3,54.67,50.0,
124,300292,52.97,57.42,52.58,
125,300296,23.61,25.96,23.61,
126,300319,35.35,38.83,35.35,
127,300402,25.52,25.52,25.52,
128,300432,94.48,103.73,94.48,
129,300459,66.33,66.33,60.4,
130,300469,16.06,16.06,16.06,
131,300472,18.04,18.04,18.04,
132,300450,186.79,186.79,182.05,
133,600455,61.9,68.32,61.01,
134,600648,47.53,47.53,47.53,
135,603227,48.3,48.3,45.1,
136,300078,45.44,45.44,45.44,
137,600678,29.45,32.24,29.33,
138,002176,40.0,41.81,39.3,
139,002512,32.68,32.68,32.68,
140,002758,81.53,81.53,81.53,
141,300101,43.57,43.57,43.57,
142,300141,32.84,35.87,32.8,
143,300466,42.14,42.14,42.14,
144,601777,24.22,26.08,24.2,
145,603901,59.09,59.09,59.09,
146,000411,25.86,25.86,25.86,
147,000938,110.59,110.59,110.59,
148,002543,28.64,31.25,28.2,
149,002678,25.91,28.17,25.91,
150,002699,46.3,52.38,46.3,
151,300232,24.65,24.65,24.65,
152,300478,25.86,25.86,25.86,
153,001896,19.2,21.13,18.8,
154,002609,62.8,66.14,62.78,
155,300461,63.39,63.39,63.39,
156,300462,64.38,64.38,64.38,
157,600559,70.9,78.25,70.9,
158,601126,35.42,38.96,35.08,
159,603108,76.82,76.82,76.82,
160,000505,17.41,19.15,17.02,
161,002697,18.49,18.49,17.97,
162,300040,19.81,19.81,19.81,
163,300126,35.37,38.74,35.37,
164,300167,48.02,52.28,48.01,
165,300185,17.83,17.83,17.03,
166,300477,18.49,18.49,18.49,
167,600890,16.18,16.18,15.03,
168,603023,59.88,59.88,59.88,
169,603300,30.71,30.71,30.71,
170,300205,32.58,32.58,32.58,
171,300455,66.7,66.7,66.7,
172,300465,46.23,46.23,46.23,
173,600745,52.6,57.46,52.6,
174,601718,13.13,14.42,12.99,
175,601908,26.2,28.62,25.8,
176,002412,35.8,39.19,35.75,
177,002434,26.11,28.73,26.11,
178,002757,58.45,58.45,58.45,
179,300309,49.8,52.18,49.8,
180,600260,22.5,24.99,22.25,
181,603001,50.53,50.53,50.53,
182,603885,50.53,50.53,50.53,
183,600072,38.88,41.95,38.51,
184,600981,19.62,21.58,19.41,
185,002188,42.5,42.5,42.5,
186,002696,31.6,31.6,30.23,
187,300145,43.82,43.82,43.82,
188,300213,42.94,42.94,42.94,
189,300272,28.83,31.82,28.73,
190,300120,28.22,29.84,28.22,
191,300110,18.17,18.17,18.17,
192,300285,34.99,36.67,34.22,
193,002645,26.21,26.21,26.21,
194,002656,25.66,25.66,25.66,
195,600825,21.3,23.02,21.1,
196,000523,21.68,23.68,21.68,
197,002494,29.69,31.94,29.31,
198,600597,28.64,28.64,28.64,
199,300043,19.75,21.7,19.75,
200,600757,18.8,20.6,18.33,
201,600777,13.11,13.11,13.11,
202,300175,18.17,19.94,17.75,
203,601928,22.4,24.68,22.32,
204,000037,16.77,18.18,16.64,
205,600721,21.26,23.36,21.03,
206,002360,16.3,17.74,16.3,
207,600653,10.31,11.24,10.3,
208,000045,19.84,21.6,19.8,
209,000973,14.98,16.2,14.7,
210,002018,40.72,44.09,40.72,
211,002321,15.65,16.42,15.65,
212,000755,13.8,15.32,13.68,
213,603616,17.97,17.97,17.97,
214,600052,11.94,13.12,11.94,
215,600173,11.81,13.01,11.75,
216,002016,19.8,21.73,19.78,
217,600507,12.05,12.79,12.05,
218,002761,12.68,12.68,12.68,
219,002265,27.45,30.23,27.0,
220,300475,15.33,15.33,15.33,
221,600567,5.78,6.4,5.76,
222,002766,11.92,11.92,11.92,
223,300452,144.95,144.95,138.0,
224,601968,4.88,4.88,4.88,
225,300313,28.05,31.13,27.8,
226,002561,23.0,23.9,22.73,
227,600396,11.36,12.5,11.26,
228,600371,34.48,37.68,34.48,
229,600780,12.51,13.31,12.26,
230,600485,57.2,62.66,55.21,
231,600418,17.71,19.45,17.4,
232,002544,47.25,51.91,47.15,
233,601566,31.8,34.64,31.57,
234,300136,36.16,38.36,35.0,
235,600310,43.0,46.92,43.0,
236,300397,184.0,198.42,180.0,
237,000023,34.75,38.29,34.68,
238,002479,20.7,22.5,20.7,
239,002002,36.4,40.16,35.58,
240,000062,84.0,90.38,82.16,
241,600579,21.94,24.0,21.94,
242,002446,39.96,43.7,39.81,
243,002373,66.3,72.94,63.8,
244,600892,67.4,72.9,67.0,
245,600593,41.31,45.38,41.31,
246,002581,131.0,141.0,130.88,
247,002126,25.85,27.83,25.29,
248,000950,13.36,14.57,13.2,
249,601233,24.37,26.61,23.19,
250,002477,27.0,28.27,26.4,
251,600306,26.01,28.28,25.92,
252,002439,51.99,56.18,51.56,
253,600590,24.67,27.15,24.67,
254,002029,28.75,31.6,28.75,
255,300329,43.3,47.85,41.76,
256,601007,33.3,36.51,33.19,
257,300365,40.72,44.6,40.59,
258,600192,17.12,19.11,17.01,
259,000670,21.26,23.28,21.26,
260,000757,15.62,17.0,15.62,
261,002503,18.8,20.87,18.62,
262,002139,32.1,35.3,32.1,
263,000791,20.7,22.77,20.5,
264,300264,29.2,31.92,28.7,
265,600207,11.83,12.82,11.83,
266,300286,47.82,52.53,46.56,
267,000004,43.77,48.06,43.76,
268,000785,21.0,22.98,20.3,
269,600280,20.09,21.84,20.09,
270,600741,23.37,25.67,23.2,
271,300253,80.01,87.37,78.66,
272,300027,59.0,64.45,57.81,
273,000613,15.68,16.88,15.19,
274,000605,39.77,42.98,38.48,
275,600272,25.75,27.92,24.86,
276,601890,15.88,17.38,15.61,
277,601518,9.05,9.75,9.02,
278,002074,32.51,35.1,32.51,
279,002529,29.35,31.98,29.35,
280,603766,35.6,39.03,34.71,
281,600421,24.0,26.02,23.2,
282,600300,13.82,15.1,13.6,
283,002144,43.2,47.69,42.95,
284,000566,49.58,54.22,49.58,
285,600237,14.2,15.49,14.02,
286,600617,25.83,28.0,25.83,
287,000056,39.02,42.6,39.02,
288,300003,51.98,56.68,51.51,
289,300246,61.0,68.08,60.1,
290,002409,34.9,38.47,34.9,
291,000719,31.88,34.98,31.88,
292,300041,55.35,59.45,54.0,
293,600610,18.84,20.72,18.82,
294,002659,32.0,35.37,31.1,
295,600083,19.79,21.96,19.63,
296,000795,19.4,21.38,19.35,
297,600198,46.44,50.58,46.06,
298,300063,46.2,49.95,46.18,
299,002517,66.0,68.1,64.0,
300,000727,16.89,18.57,16.89,
301,300251,46.81,51.06,46.1,
302,603166,43.46,47.82,42.45,
303,600084,11.71,12.8,11.68,
304,600031,13.1,14.33,12.96,
305,600583,15.09,16.38,14.9,
306,002042,16.0,17.14,15.9,
307,600538,17.64,19.58,17.5,
308,002205,34.9,37.99,34.81,
309,002250,26.28,29.0,25.88,
310,000548,19.31,20.98,18.88,
311,000760,23.48,25.45,23.48,
312,000055,16.92,18.25,16.86,
313,600707,21.11,23.09,20.9,
314,000753,11.15,12.0,11.1,
315,600740,11.41,12.25,11.3,
316,300393,65.16,69.99,65.16,
317,002124,27.09,29.57,26.69,
318,000151,33.79,35.93,33.18,
319,000010,16.43,17.99,16.2,
320,002560,35.48,38.55,35.45,
321,002355,16.12,17.93,15.88,
322,600829,25.5,26.83,24.35,
323,000683,10.78,11.86,10.75,
324,600079,50.01,53.39,50.0,
325,000589,13.0,14.04,13.0,
326,300382,177.0,193.5,175.65,
327,600815,21.01,23.0,20.87,
328,600370,19.26,20.88,19.08,
329,600860,16.98,18.1,16.76,
330,000666,27.17,29.68,27.01,
331,300384,116.8,124.36,110.85,
332,600727,15.4,16.68,15.4,
333,002221,47.48,51.82,47.4,
334,600106,13.72,15.16,13.71,
335,600532,26.5,29.1,26.5,
336,600760,22.02,24.2,21.43,
337,300386,210.0,225.08,210.0,
338,000887,37.51,39.98,37.5,
339,600011,11.98,12.99,11.98,
340,002333,24.0,26.5,23.56,
341,600737,17.61,19.28,17.43,
342,000931,17.4,19.27,17.3,
343,300332,37.29,39.55,36.3,
344,000629,5.86,6.4,5.77,
345,600976,46.23,49.79,45.81,
346,300068,27.9,30.94,27.01,
347,600540,16.5,18.0,16.29,
348,600067,14.05,15.07,14.05,
349,000939,21.25,22.77,21.25,
350,002646,39.29,42.0,38.97,
351,601003,6.5,6.96,6.45,
352,600743,8.66,9.46,8.63,
353,000541,18.26,19.98,17.8,
354,002715,68.6,74.59,68.02,
355,000989,43.8,48.15,43.3,
356,002193,27.3,29.8,27.15,
357,002542,18.33,19.93,18.33,
358,300091,50.5,53.98,49.5,
359,603077,27.1,28.78,27.08,
360,600477,15.1,16.4,15.01,
361,002677,25.16,27.2,25.0,
362,300112,27.61,29.99,27.41,
363,600767,33.59,37.16,33.23,
364,300191,38.55,41.3,38.18,
365,002570,28.4,30.97,28.4,
366,600596,19.4,21.19,19.09,
367,300345,64.13,68.07,61.88,
368,300281,28.0,29.0,26.46,
369,601098,30.77,33.15,30.5,
370,601100,21.02,22.57,20.88,
371,000565,52.8,52.99,50.15,
372,300012,44.0,44.0,41.56,
373,600172,24.86,26.58,24.86,
374,300166,50.85,55.5,50.85,
375,300116,18.8,20.76,18.73,
376,300245,35.9,39.0,35.9,
377,002524,15.65,16.87,15.41,
378,000488,12.54,13.48,12.39,
379,600664,14.89,15.78,14.56,
380,601799,50.89,54.02,50.7,
381,300086,49.01,52.5,49.01,
382,600668,22.79,24.68,22.73,
383,000910,23.67,25.72,23.4,
384,000702,17.8,19.0,17.71,
385,300265,22.55,23.96,22.26,
386,002256,39.1,40.38,37.9,
387,600865,25.74,27.5,25.61,
388,000600,15.75,16.6,15.65,
389,000422,11.77,12.8,11.72,
390,600726,9.23,9.91,9.23,
391,002067,12.51,13.34,12.3,
392,000570,15.92,17.35,15.8,
393,000525,27.0,28.6,26.51,
394,600506,28.64,31.42,28.21,
395,002279,91.0,98.0,90.5,
396,000909,27.12,29.81,27.05,
397,002168,20.29,21.8,20.2,
398,002418,38.52,41.8,37.54,
399,300224,30.88,33.5,30.85,
400,002058,31.05,34.12,31.05,
401,002068,12.7,13.6,12.42,
402,300351,53.2,57.9,53.2,
403,300289,70.0,72.8,69.41,
404,600159,9.6,10.48,9.45,
405,600775,27.0,28.98,26.94,
406,000876,25.08,26.34,24.58,
407,600090,25.01,27.5,25.01,
408,300306,34.87,37.06,34.45,
409,000958,35.11,38.1,35.11,
410,300227,50.0,52.2,50.0,
411,600317,7.18,7.86,7.18,
412,002628,9.38,9.95,9.35,
413,000838,30.16,31.99,29.65,
414,600868,8.52,9.27,8.44,
415,002356,43.5,47.0,43.5,
416,603678,112.15,123.0,111.85,
417,002695,52.0,56.45,51.95,
418,600985,30.27,32.55,30.27,
419,002642,79.35,85.4,79.3,
420,601808,29.6,31.87,29.15,
421,300261,31.25,33.51,31.0,
422,600391,75.0,78.98,73.8,
423,002025,43.4,45.97,43.32,
424,601107,8.65,9.1,8.6,
425,000678,15.66,16.89,15.41,
426,002523,13.44,14.26,13.4,
427,600794,13.68,14.6,13.66,
428,600210,11.65,12.65,11.65,
429,600605,28.58,30.35,28.58,
430,002455,13.86,14.6,13.85,
431,601339,25.72,27.8,25.64,
432,600883,25.08,26.97,25.08,
433,002132,12.2,13.5,12.02,
434,002393,55.5,59.5,54.7,
435,002636,29.55,31.5,29.0,
436,600385,29.8,32.0,29.8,
437,002679,38.0,40.51,37.14,
438,000587,36.0,38.08,35.38,
439,600426,19.53,21.34,19.43,
440,601965,16.3,17.24,16.0,
441,600127,12.1,13.3,11.86,
442,601789,17.87,19.58,17.86,
443,600261,11.11,11.74,11.0,
444,002242,19.25,20.5,19.15,
445,000017,23.1,24.98,22.81,
446,000635,19.45,20.58,19.0,
447,300140,58.0,62.94,57.99,
448,002714,48.3,52.05,48.3,
449,002243,18.75,20.13,18.6,
450,000921,14.66,15.54,14.5,
451,600854,12.36,13.27,12.31,
452,600189,20.63,22.54,20.5,
453,600307,8.8,9.78,8.56,
454,600107,20.99,22.17,20.41,
455,300193,36.83,40.24,36.0,
456,603003,44.63,46.99,44.0,
457,300074,23.66,25.63,23.66,
458,300235,49.26,53.5,49.0,
459,000721,15.35,16.8,15.35,
460,600152,18.8,20.1,18.46,
461,002262,38.8,40.55,38.2,
462,600298,35.05,36.59,35.0,
463,002466,88.1,95.8,87.1,
464,600302,17.38,18.55,17.0,
465,600886,12.68,13.38,12.6,
466,000915,70.43,72.5,69.0,
467,002223,67.8,73.4,67.8,
468,002619,45.58,48.88,45.58,
469,002204,18.76,20.39,18.51,
470,002298,34.8,37.66,34.61,
471,000419,15.1,15.98,14.8,
472,000590,35.18,35.18,34.12,
473,000916,10.76,11.45,10.67,
474,000912,12.0,12.36,11.75,
475,000858,29.42,32.08,29.42,
476,000557,11.78,12.37,11.78,
477,000927,11.19,11.76,11.12,
478,000802,39.2,43.35,38.23,
479,000976,17.23,17.23,17.07,
480,600156,16.4,17.67,16.12,
481,002608,15.93,16.82,15.93,
482,000711,25.41,26.72,25.41,
483,002192,45.0,46.5,43.2,
484,000155,17.27,17.27,17.27,
485,000659,8.1,8.22,8.01,
486,002664,50.02,53.58,49.01,
487,600308,10.0,10.95,9.85,
488,002371,56.78,60.3,56.77,
489,600231,8.22,8.88,8.22,
490,002171,34.5,36.39,34.02,
491,600320,11.2,11.97,10.93,
492,601258,16.07,16.44,15.37,
493,600439,11.65,12.54,11.43,
494,600027,9.57,10.22,9.57,
495,002210,35.05,37.0,34.3,
496,300299,40.01,42.49,40.0,
497,600033,7.18,7.63,7.16,
498,300095,17.07,17.86,16.9,
499,601999,19.39,20.9,19.33,
500,600313,24.84,25.87,24.56,
501,000551,18.6,20.25,18.3,
502,000009,22.95,24.32,22.63,
503,002403,27.68,30.2,27.28,
504,002638,27.01,28.5,26.88,
505,300090,30.6,31.35,29.68,
506,002723,58.5,62.68,58.15,
507,600873,14.25,15.13,14.0,
508,600419,47.07,49.8,45.11,
509,300176,40.55,43.07,39.82,
510,600293,18.52,19.58,18.49,
511,300268,32.79,34.56,32.79,
512,600409,11.65,12.4,11.64,
513,601311,29.4,31.28,29.0,
514,000619,19.6,20.45,19.1,
515,002046,19.42,20.47,19.26,
516,600120,48.16,51.99,46.93,
517,300350,173.08,191.0,172.0,
518,002454,27.62,29.1,27.62,
519,600966,7.08,7.58,6.96,
520,600990,118.51,130.35,115.9,
521,600149,26.4,29.0,25.4,
522,600252,29.28,31.88,28.8,
523,300042,40.6,42.8,39.83,
524,000591,33.5,35.99,33.02,
525,600037,46.3,49.5,45.65,
526,000599,16.0,17.3,16.0,
527,002054,16.23,16.97,16.14,
528,000993,16.7,17.49,16.44,
529,002131,91.63,99.83,90.5,
530,000880,22.19,23.66,22.01,
531,002555,55.12,59.01,54.78,
532,000722,30.18,33.85,30.18,
533,000837,22.5,23.85,22.49,
534,600861,27.0,27.0,24.8,
535,000930,20.57,22.44,20.35,
536,000713,19.6,21.87,19.6,
537,600337,21.7,23.5,21.48,
538,601818,5.99,6.27,5.88,
539,000637,13.36,14.3,13.19,
540,600148,35.29,38.0,34.7,
541,002039,22.8,24.75,22.35,
542,300104,67.5,72.7,65.02,
543,000835,23.23,24.86,23.01,
544,002444,24.52,26.22,24.52,
545,002518,50.4,53.6,48.0,
546,300118,18.26,19.0,17.78,
547,002300,15.52,16.35,15.52,
548,000812,18.43,19.75,17.4,
549,000043,17.7,18.85,17.36,
550,000859,14.2,14.68,13.7,
551,600403,11.0,11.96,10.86,
552,300202,51.79,54.54,51.37,
553,002304,107.5,112.42,106.51,
554,002117,49.0,53.33,47.51,
555,002423,21.85,23.0,21.33,
556,000026,24.9,26.1,24.73,
557,601898,11.1,12.32,11.03,
558,300221,18.14,18.98,17.62,
559,300275,40.58,43.69,39.61,
560,002350,31.2,32.51,30.72,
561,000970,27.4,28.81,27.02,
562,002407,46.6,49.0,46.0,
563,002105,15.11,15.8,14.91,
564,002648,19.89,21.05,19.69,
565,600268,16.77,17.58,16.43,
566,600386,25.28,26.99,24.72,
567,002361,28.62,30.68,28.51,
568,300310,49.9,53.77,49.0,
569,600487,42.4,45.2,41.5,
570,600498,37.0,38.6,36.5,
571,600118,72.01,76.02,71.66,
572,600128,27.84,30.12,27.2,
573,600281,12.89,13.3,12.7,
574,600208,9.7,10.3,9.6,
575,000709,5.89,6.36,5.81,
576,600133,16.89,17.45,16.4,
577,000792,32.68,34.84,32.67,
578,600758,22.16,24.27,21.86,
579,002632,30.51,32.5,30.51,
580,002129,30.05,30.96,29.5,
581,000568,28.63,30.81,28.63,
582,600103,12.34,13.26,12.1,
583,600980,33.0,35.1,32.95,
584,002482,39.9,42.1,39.9,
585,002327,20.2,21.88,19.89,
586,600480,28.48,30.99,28.32,
587,000868,14.36,15.2,14.36,
588,002083,10.52,11.1,10.49,
589,600581,10.45,11.19,10.3,
590,300025,38.39,40.0,37.54,
591,002706,62.0,64.55,61.41,
592,000036,10.42,11.0,10.21,
593,000616,15.91,17.31,15.74,
594,002468,30.0,31.64,30.0,
595,300128,33.46,35.75,33.2,
596,300046,32.68,34.78,32.68,
597,002190,65.81,70.1,65.81,
598,000408,29.1,30.3,29.01,
599,000731,18.35,19.72,18.01,
600,000980,14.4,14.99,14.4,
601,600755,16.4,17.28,15.83,
602,600843,28.41,28.41,26.6,
603,002365,30.3,32.78,30.1,
604,000833,23.34,24.66,22.22,
605,002011,22.56,24.44,22.16,
606,000006,18.73,19.84,18.73,
607,600114,22.9,24.28,22.72,
608,002253,66.9,68.97,66.0,
609,600969,27.26,29.52,27.26,
610,300022,21.7,22.6,20.8,
611,300336,37.7,39.17,37.32,
612,300105,22.4,23.38,22.2,
613,600851,18.15,19.58,18.01,
614,603366,18.77,19.48,18.77,
615,600373,33.73,35.35,33.09,
616,601177,18.12,19.34,18.12,
617,601919,13.77,14.53,13.65,
618,300225,13.45,14.18,13.36,
619,002331,50.1,52.81,50.09,
620,002048,28.92,30.28,28.39,
621,000572,10.22,10.73,10.15,
622,002119,39.39,42.6,39.35,
623,000035,25.85,26.86,25.31,
624,603636,86.15,90.99,86.15,
625,000955,13.93,14.64,13.75,
626,000514,12.88,13.89,12.8,
627,600180,43.2,45.8,42.86,
628,600592,24.6,25.85,23.66,
629,300346,40.72,42.5,39.8,
630,600493,22.08,24.08,21.82,
631,600820,20.5,21.22,20.19,
632,300341,40.17,41.71,38.96,
633,601168,13.8,14.43,13.61,
634,000897,10.22,10.6,10.01,
635,600250,19.16,20.56,18.83,
636,600428,12.28,12.85,12.27,
637,300206,46.12,48.8,45.71,
638,300002,26.2,27.5,25.73,
639,002077,26.11,27.9,25.8,
640,600398,17.5,18.58,17.45,
641,002551,56.02,57.59,55.17,
642,000573,11.46,12.31,11.38,
643,300262,26.83,28.33,25.26,
644,000090,31.5,33.45,31.45,
645,002052,20.6,21.97,20.39,
646,600022,5.39,5.65,5.28,
647,002035,21.89,22.94,21.89,
648,600603,24.03,25.11,23.54,
649,300138,26.08,27.79,25.7,
650,002283,26.9,28.0,26.5,
651,600958,37.95,39.85,37.95,
652,601918,13.43,14.28,13.2,
653,002536,59.52,66.28,59.52,
654,002260,52.1,54.0,52.0,
655,300142,47.0,49.25,47.0,
656,000953,19.07,20.1,19.02,
657,000978,19.44,20.5,19.44,
658,002202,24.4,25.45,24.4,
659,300354,50.03,53.1,49.74,
660,300359,141.99,150.99,141.56,
661,600601,13.07,13.9,13.07,
662,300283,20.26,20.82,19.7,
663,002389,27.32,28.48,26.85,
664,600279,19.78,20.74,19.51,
665,000014,35.82,38.77,35.82,
666,000759,14.12,14.52,13.85,
667,000501,26.7,27.99,26.7,
668,002258,37.0,38.77,36.3,
669,002143,38.18,40.49,38.15,
670,600979,12.42,13.05,12.23,
671,002480,26.05,27.39,25.6,
672,002150,19.35,20.39,19.15,
673,002635,30.3,31.58,29.5,
674,600183,13.67,14.2,13.48,
675,600249,15.92,16.68,15.63,
676,000949,9.1,9.61,8.9,
677,002394,22.88,23.85,22.61,
678,600243,20.05,21.45,20.01,
679,600283,23.85,24.97,23.35,
680,600522,32.0,33.69,31.58,
681,002234,17.0,17.78,17.0,
682,601218,15.36,15.78,15.06,
683,300032,41.85,46.46,41.85,
684,002721,83.67,88.0,83.0,
685,600463,25.29,26.9,25.0,
686,002420,17.3,18.68,17.2,
687,000547,32.79,33.98,32.0,
688,600378,28.8,30.78,28.43,
689,600693,18.5,19.72,18.11,
690,002665,41.25,45.0,40.45,
691,002616,34.57,36.49,34.57,
692,600039,8.17,8.48,8.08,
693,600695,15.3,16.1,15.3,
694,002501,23.0,24.42,22.86,
695,600255,10.25,10.88,10.06,
696,601998,8.18,8.49,8.07,
697,600536,56.16,58.2,55.2,
698,600057,21.6,22.76,20.85,
699,603030,63.99,68.95,61.9,
700,600415,18.0,19.06,17.4,
701,002028,24.7,25.97,24.68,
702,600533,10.09,10.73,10.09,
703,601588,8.62,8.98,8.5,
704,600020,9.84,10.46,9.69,
705,300186,41.4,42.85,41.07,
706,300201,21.65,22.5,21.18,
707,000521,11.13,11.5,11.01,
708,000519,25.68,26.7,25.5,
709,000888,18.09,18.99,18.09,
710,000673,44.0,48.2,43.75,
711,000690,18.2,18.2,16.79,
712,600615,33.4,34.96,33.0,
713,600526,28.98,29.88,28.02,
714,002133,15.5,16.88,14.88,
715,600476,41.9,43.5,41.76,
716,000703,18.05,18.79,18.05,
717,300263,36.15,36.85,34.91,
718,600389,42.88,45.23,42.4,
719,000576,28.78,30.26,28.45,
720,300208,80.8,85.2,80.8,
721,002666,39.7,42.4,39.7,
722,600203,23.58,24.23,23.1,
723,000596,42.01,44.5,42.01,
724,000042,28.55,30.0,28.45,
725,002286,18.7,19.5,18.62,
726,002396,42.01,43.45,41.62,
727,600548,11.21,11.65,11.05,
728,600228,21.47,23.06,21.3,
729,000895,26.15,26.88,26.0,
730,002513,29.8,31.5,29.39,
731,300064,20.45,21.5,20.16,
732,000807,10.62,10.98,10.47,
733,002227,48.81,51.5,48.81,
734,002060,16.58,17.6,15.8,
735,000735,12.12,12.8,12.02,
736,002291,23.38,24.99,23.03,
737,600512,9.07,9.57,8.91,
738,000819,54.4,58.23,54.01,
739,600365,28.2,29.81,28.0,
740,002383,61.87,66.66,61.17,
741,603456,76.34,81.33,76.34,
742,300218,25.15,26.93,25.15,
743,002026,19.34,20.14,19.09,
744,002533,14.75,15.49,14.66,
745,002087,12.04,12.67,12.0,
746,600223,13.87,14.9,13.69,
747,000631,10.45,11.16,10.44,
748,002686,31.3,32.6,31.3,
749,300342,46.2,48.12,46.0,
750,002722,41.42,42.95,41.02,
751,000717,9.23,9.65,9.12,
752,002605,27.42,29.0,27.42,
753,002554,19.75,20.65,19.75,
754,600178,16.28,17.0,15.9,
755,600578,8.97,9.27,8.97,
756,002726,20.6,21.4,20.6,
757,600006,12.21,12.94,11.93,
758,002380,79.75,82.1,78.33,
759,600360,13.51,14.26,13.51,
760,600537,26.06,27.78,26.0,
761,000733,35.09,36.88,33.8,
762,300106,28.5,29.85,28.5,
763,300154,38.66,40.55,37.88,
764,600358,25.45,26.78,25.36,
765,600452,31.59,32.99,31.25,
766,601088,24.59,26.0,24.58,
767,600098,18.69,19.6,18.27,
768,600290,19.0,19.5,18.56,
769,600894,28.85,30.45,28.51,
770,300312,74.55,77.5,72.0,
771,002313,29.47,30.5,29.31,
772,000615,25.18,26.2,24.99,
773,600435,58.05,60.5,57.3,
774,000617,21.05,21.74,20.7,
775,600841,23.8,26.03,23.8,
776,000885,19.0,19.93,18.7,
777,002311,27.41,28.56,27.22,
778,002498,27.01,29.17,26.67,
779,600871,10.32,10.78,10.14,
780,000418,24.0,25.0,23.87,
781,300029,22.68,23.98,22.53,
782,002231,30.31,32.36,29.6,
783,300260,44.15,45.49,43.96,
784,000821,31.38,32.1,29.28,
785,600885,39.81,41.35,39.76,
786,601872,10.18,10.5,9.95,
787,002066,23.71,25.71,23.53,
788,002281,68.06,71.38,68.03,
789,600093,29.0,31.0,28.7,
790,300295,203.0,209.21,190.28,
791,600802,14.26,14.89,14.22,
792,002228,37.11,39.68,37.11,
793,600322,9.15,9.58,9.1,
794,601188,8.58,9.0,8.49,
795,300036,68.89,69.45,64.61,
796,600702,30.6,33.63,30.31,
797,600527,12.41,13.01,12.2,
798,300338,28.29,29.98,28.29,
799,600456,29.0,30.3,28.71,
800,002617,63.2,65.3,60.3,
801,002663,14.44,14.85,14.3,
802,300067,17.45,18.28,17.31,
803,600058,38.41,40.78,37.2,
804,600295,15.0,15.79,14.93,
805,600377,10.13,10.45,9.99,
806,002537,24.77,24.77,23.58,
807,000928,31.6,32.25,30.5,
808,002162,15.92,16.87,15.78,
809,000425,17.39,18.28,17.15,
810,002155,15.61,16.25,15.38,
811,002384,29.7,29.89,27.79,
812,300181,17.14,18.18,17.12,
813,603369,47.55,51.28,47.55,
814,002246,21.8,23.3,21.5,
815,600143,15.74,16.47,15.52,
816,000638,35.43,35.43,32.0,
817,000920,33.72,35.9,33.6,
818,002459,23.3,24.37,23.09,
819,600165,28.69,31.5,28.3,
820,600594,71.12,73.5,70.52,
821,600055,85.0,86.11,75.1,
822,600005,6.83,7.04,6.7,
823,002442,16.0,16.98,15.91,
824,601199,40.09,41.78,39.56,
825,002595,28.16,29.4,27.9,
826,300082,14.53,14.85,14.29,
827,600275,14.07,14.86,13.7,
828,600379,24.6,25.97,24.5,
829,300320,21.8,22.83,21.68,
830,000529,19.02,20.26,19.02,
831,000627,16.51,17.24,16.51,
832,300237,36.97,37.73,35.75,
833,600135,28.39,29.6,28.21,
834,600331,14.68,15.46,14.5,
835,600971,11.3,11.98,11.27,
836,300305,38.0,39.93,38.0,
837,000567,32.7,34.7,32.68,
838,600356,16.19,16.97,16.05,
839,600500,23.91,25.1,22.7,
840,600179,24.31,25.15,23.45,
841,002320,34.19,37.11,33.9,
842,002107,42.85,44.1,42.55,
843,603555,58.68,63.01,56.51,
844,600460,13.07,13.65,13.07,
845,600125,18.45,19.8,18.45,
846,600986,41.85,45.0,41.8,
847,000751,11.96,12.64,11.81,
848,002154,14.2,15.0,14.08,
849,002621,28.86,30.0,28.6,
850,600094,26.33,28.18,25.92,
851,300134,44.8,45.88,44.06,
852,600195,37.35,38.18,36.55,
853,600674,30.15,30.99,29.7,
854,601929,21.08,22.1,20.71,
855,600764,32.33,35.35,31.5,
856,601208,15.56,16.32,15.36,
857,002478,20.5,21.28,20.37,
858,000581,39.58,41.29,39.58,
859,002430,18.25,19.2,18.18,
860,000929,24.85,25.85,24.45,
861,600746,17.42,19.0,17.42,
862,300139,31.61,33.18,31.61,
863,600074,27.02,29.89,26.0,
864,600810,14.53,15.3,14.53,
865,000554,17.6,19.1,17.18,
866,600429,14.59,15.23,14.39,
867,300321,158.0,159.8,151.06,
868,002088,23.0,23.68,22.52,
869,002006,16.52,17.18,16.25,
870,300174,40.36,41.7,38.59,
871,002391,27.18,27.86,26.92,
872,000701,25.12,26.45,25.12,
873,601607,29.32,30.15,29.2,
874,300102,14.67,15.34,14.48,
875,600675,15.25,15.79,14.88,
876,600551,30.29,31.58,29.84,
877,603703,86.1,89.98,82.18,
878,600315,48.93,50.5,48.81,
879,000039,30.52,31.66,30.2,
880,000806,28.26,28.98,27.41,
881,600586,9.63,10.2,9.58,
882,300011,48.8,51.5,48.8,
883,600199,15.72,16.66,15.71,
884,002232,29.16,30.5,29.16,
885,600329,29.9,31.2,29.65,
886,000951,26.71,27.94,26.66,
887,002411,25.58,26.49,25.2,
888,002522,43.43,45.3,43.2,
889,601788,34.77,35.88,34.75,
890,002728,79.0,81.83,79.0,
891,600647,46.52,49.31,46.3,
892,002597,17.64,19.0,17.15,
893,002263,15.09,15.56,14.6,
894,600877,15.13,15.3,14.68,
895,000830,12.75,12.8,12.4,
896,002705,25.25,26.28,25.06,
897,002567,18.41,19.2,18.41,
898,601116,16.81,17.66,16.81,
899,000685,38.92,39.88,38.35,
900,002573,28.26,29.67,27.5,
901,300211,33.7,34.8,33.49,
902,600855,47.5,48.98,46.52,
903,600848,34.69,35.98,34.01,
904,300314,47.88,52.0,47.1,
905,300109,96.1,102.0,96.09,
906,600479,28.3,29.63,28.01,
907,600771,60.82,63.59,60.0,
908,601991,8.85,9.15,8.82,
909,300155,56.0,56.7,51.0,
910,600665,11.93,12.68,11.88,
911,000972,13.19,13.95,12.8,
912,000070,32.8,34.18,32.52,
913,002163,19.45,19.9,18.86,
914,002215,28.06,28.7,28.02,
915,600336,12.02,12.44,11.99,
916,300146,54.22,58.19,53.4,
917,600325,21.57,21.94,21.05,
918,002526,19.5,20.47,19.39,
919,600121,10.74,11.22,10.7,
920,300357,62.68,65.48,62.68,
921,600076,16.9,17.88,16.78,
922,002675,61.65,65.08,61.65,
923,600238,21.51,22.46,21.3,
924,002214,20.41,21.24,20.18,
925,603020,72.67,74.48,71.58,
926,002541,28.5,29.98,28.15,
927,002719,65.5,69.0,65.5,
928,300204,52.3,53.59,51.78,
929,600469,24.05,24.59,23.68,
930,000559,30.11,32.08,29.3,
931,000585,9.28,9.59,9.11,
932,600519,262.12,273.0,261.0,
933,002440,32.88,34.0,32.75,
934,000157,10.11,10.78,9.9,
935,300236,43.08,44.58,42.9,
936,300337,34.46,35.8,33.61,
937,600060,33.38,34.25,33.1,
938,600580,22.8,23.96,22.7,
939,600584,28.31,29.88,28.3,
940,600108,13.8,14.57,13.68,
941,002332,26.77,29.0,26.57,
942,002465,44.15,46.18,44.15,
943,600742,39.8,40.97,39.46,
944,601880,9.41,9.89,9.39,
945,300180,20.12,20.8,19.94,
946,002386,12.02,12.77,12.0,
947,600830,20.13,21.5,20.01,
948,002755,72.63,72.63,62.77,
949,002175,139.99,145.5,130.0,
950,000936,20.37,21.4,20.37,
951,600803,25.8,26.99,25.35,
952,300209,36.56,37.5,36.36,
953,600798,12.27,12.7,12.04,
954,002218,17.25,17.9,17.12,
955,600157,9.13,9.49,9.04,
956,600200,41.95,41.98,39.18,
957,000729,12.5,12.67,12.28,
958,300367,92.99,93.0,88.9,
959,000089,13.67,14.51,13.55,
960,000680,11.96,12.5,11.65,
961,600699,51.0,52.76,51.0,
962,002378,22.29,22.95,22.0,
963,000860,29.31,30.75,29.11,
964,000948,46.73,48.8,46.7,
965,000156,55.88,57.65,54.09,
966,300127,23.94,24.76,23.7,
967,000511,16.0,16.7,15.79,
968,300050,42.0,43.55,41.98,
969,600731,17.49,18.33,17.38,
970,600679,26.22,27.41,25.15,
971,600239,15.39,15.64,15.02,
972,600856,32.78,33.8,32.4,
973,000789,13.36,13.63,13.28,
974,002330,17.2,18.05,17.2,
975,002700,21.08,21.88,20.71,
976,601225,11.45,11.7,11.3,
977,600791,17.0,17.78,16.6,
978,600846,18.15,18.96,17.84,
979,000561,19.7,20.31,19.3,
980,000968,13.99,14.5,13.97,
981,300006,74.76,79.48,74.0,
982,300392,182.3,188.99,181.5,
983,002270,29.81,31.5,29.81,
984,601016,29.39,30.9,28.77,
985,600857,33.64,35.6,32.99,
986,601006,13.68,14.13,13.65,
987,600459,32.3,33.23,32.0,
988,300066,24.68,26.35,24.5,
989,600405,20.1,21.49,19.88,
990,000816,15.81,16.24,15.3,
991,002076,25.34,27.3,24.27,
992,002563,29.45,30.37,29.21,
993,002591,21.01,22.5,21.0,
994,000601,12.48,12.98,12.13,
995,600900,14.47,14.97,14.46,
996,600638,22.55,23.59,22.55,
997,002238,30.93,31.85,30.2,
998,600227,12.56,12.87,12.29,
999,600992,25.1,26.0,24.51,
1000,300362,57.43,59.25,57.43,
1001,600082,12.12,12.79,11.88,
1002,600816,45.79,47.16,45.0,
1003,300007,111.8,111.8,100.1,
1004,300182,66.09,68.8,65.32,
1005,002121,39.75,41.65,39.2,
1006,601558,10.19,10.73,10.1,
1007,000848,24.37,25.35,24.3,
1008,300239,28.44,29.35,27.58,
1009,600397,13.81,14.24,13.8,
1010,002084,21.51,22.25,21.05,
1011,002652,17.8,18.68,17.8,
1012,601666,8.76,9.06,8.73,
1013,600511,47.2,48.97,47.11,
1014,600619,18.21,19.3,18.21,
1015,601333,8.28,8.6,8.22,
1016,000933,9.88,10.3,9.82,
1017,600684,19.82,20.96,19.16,
1018,002611,22.08,22.52,21.28,
1019,300133,38.9,40.53,38.38,
1020,000800,27.47,28.88,27.39,
1021,000543,21.12,21.65,20.8,
1022,000823,19.03,20.03,19.03,
1023,600433,22.4,22.98,22.05,
1024,000537,16.47,17.18,16.08,
1025,000402,14.39,14.75,14.25,
1026,002392,26.29,27.59,26.15,
1027,002071,30.0,31.28,29.58,
1028,300061,20.75,21.69,20.65,
1029,000780,10.1,10.49,10.07,
1030,600141,21.57,22.2,21.4,
1031,603718,66.03,66.03,59.2,
1032,600804,42.5,43.88,42.33,
1033,000019,23.11,24.5,23.0,
1034,600864,24.9,26.0,24.72,
1035,002038,70.45,71.9,69.85,
1036,600792,10.31,10.7,10.31,
1037,002364,38.2,39.5,38.16,
1038,002738,53.68,55.08,53.21,
1039,600070,24.49,26.43,24.25,
1040,601866,9.93,10.3,9.8,
1041,002151,71.6,73.16,69.0,
1042,600774,30.64,31.85,30.63,
1043,601988,5.02,5.1,4.91,
1044,300171,79.35,80.8,77.85,
1045,600997,10.05,10.41,9.97,
1046,002134,19.64,20.5,19.62,
1047,000758,27.5,28.3,27.25,
1048,601011,21.39,21.89,20.9,
1049,300051,30.85,31.97,30.71,
1050,600339,11.95,12.19,11.54,
1051,600661,53.51,54.78,52.82,
1052,603699,32.95,33.8,32.8,
1053,600215,15.4,16.32,15.3,
1054,600063,13.7,14.74,13.28,
1055,000767,10.78,11.13,10.72,
1056,300290,57.71,59.85,57.5,
1057,600197,18.48,19.42,18.3,
1058,601166,19.87,20.76,19.38,
1059,600633,29.73,31.3,29.51,
1060,000632,16.49,16.89,16.23,
1061,000901,73.79,74.66,71.68,
1062,600657,11.12,11.7,11.04,
1063,600698,14.07,14.97,14.0,
1064,600088,46.79,48.5,46.44,
1065,600573,20.19,21.71,19.84,
1066,600188,17.37,18.01,17.35,
1067,000926,17.38,17.78,17.2,
1068,002053,41.32,42.96,40.18,
1069,600230,19.35,19.54,18.95,
1070,000528,16.25,16.98,16.0,
1071,000883,12.7,13.09,12.41,
1072,300183,44.8,45.6,43.9,
1073,600066,22.64,22.98,22.55,
1074,002241,42.52,44.55,42.42,
1075,600190,10.32,10.6,10.26,
1076,600399,16.38,16.87,15.95,
1077,600970,20.95,21.3,20.52,
1078,603222,47.91,49.5,47.8,
1079,002032,30.0,30.75,29.8,
1080,002691,26.85,28.36,26.66,
1081,300349,50.48,51.37,48.9,
1082,600521,32.7,33.99,31.32,
1083,600688,9.33,9.7,9.12,
1084,600677,40.0,42.8,39.06,
1085,000420,11.17,12.0,11.17,
1086,002224,19.4,19.7,19.29,
1087,600240,22.4,23.5,22.22,
1088,600367,20.0,20.48,19.5,
1089,601101,13.8,14.5,13.7,
1090,002225,12.64,12.92,12.41,
1091,002471,45.0,47.66,43.36,
1092,603002,16.97,17.38,16.75,
1093,601369,15.21,15.79,15.21,
1094,002357,40.5,43.8,40.0,
1095,002297,27.92,28.96,27.85,
1096,000692,13.5,13.85,13.26,
1097,601798,21.86,22.47,21.68,
1098,000998,33.8,34.22,33.01,
1099,000803,44.6,47.99,43.8,
1100,600257,19.83,20.9,19.49,
1101,603588,102.0,107.68,101.01,
1102,002576,44.3,44.79,43.36,
1103,603399,22.48,22.93,22.1,
1104,002122,14.59,14.96,14.59,
1105,002651,64.06,67.9,63.0,
1106,300223,49.82,52.68,49.52,
1107,600546,9.92,10.47,9.92,
1108,600509,17.48,17.79,17.33,
1109,002452,14.13,14.38,13.88,
1110,000029,17.62,17.87,17.27,
1111,600716,16.8,17.58,16.68,
1112,601567,59.0,59.5,57.18,
1113,600425,11.63,12.03,11.18,
1114,603008,29.91,31.42,29.91,
1115,002284,27.46,28.25,26.19,
1116,600007,20.2,20.78,20.0,
1117,002185,25.45,26.18,25.12,
1118,000952,22.83,23.66,22.71,
1119,600502,21.6,22.25,20.68,
1120,002672,72.5,75.4,71.73,
1121,300364,158.8,169.98,156.5,
1122,002157,20.31,21.23,20.09,
1123,600368,10.57,11.16,10.49,
1124,601616,12.06,12.39,11.78,
1125,600795,7.09,7.22,7.03,
1126,300160,31.36,32.0,31.0,
1127,600123,14.25,14.59,14.13,
1128,000712,43.25,43.97,42.88,
1129,000544,28.6,29.17,27.85,
1130,002460,35.4,36.94,34.75,
1131,600062,33.71,34.84,33.71,
1132,601139,14.38,14.75,14.37,
1133,600116,23.71,24.75,23.29,
1134,600177,24.59,25.57,24.1,
1135,600486,48.6,49.77,47.61,
1136,300132,14.49,15.08,14.16,
1137,300360,45.84,46.06,42.88,
1138,600406,28.31,29.17,28.23,
1139,300072,40.0,40.5,39.35,
1140,600714,18.84,19.62,18.5,
1141,600166,11.71,12.38,11.71,
1142,600847,37.0,39.0,36.88,
1143,300198,19.61,20.27,19.35,
1144,000898,8.11,8.19,7.97,
1145,601028,19.0,19.2,18.5,
1146,000550,40.63,41.18,40.4,
1147,002625,90.09,96.45,85.9,
1148,600808,6.64,6.8,6.5,
1149,300049,136.97,142.0,135.04,
1150,000725,5.19,5.33,5.17,
1151,600117,11.88,12.45,11.8,
1152,000059,13.66,13.89,13.37,
1153,000571,11.99,12.4,11.85,
1154,002653,37.51,39.43,36.01,
1155,600112,31.25,32.27,30.64,
1156,002540,19.05,19.4,18.62,
1157,300358,68.03,71.0,66.53,
1158,000066,22.16,22.88,21.9,
1159,002527,30.85,32.3,30.5,
1160,002557,22.16,22.68,22.15,
1161,300153,19.2,19.57,19.05,
1162,002490,17.11,18.0,16.91,
1163,000538,75.38,76.45,74.71,
1164,000869,56.53,59.25,56.51,
1165,002458,23.68,24.36,23.38,
1166,000338,35.39,36.15,35.01,
1167,002463,12.63,12.88,12.3,
1168,300100,28.7,29.47,28.15,
1169,002483,26.26,26.78,26.09,
1170,300277,35.9,39.2,35.9,
1171,600175,11.25,11.78,11.21,
1172,002521,20.0,20.5,19.72,
1173,002613,12.84,13.49,12.75,
1174,601015,24.98,26.4,24.98,
1175,300004,90.0,92.02,89.44,
1176,002694,21.31,21.7,21.18,
1177,600821,17.82,18.96,17.61,
1178,002399,47.79,48.87,47.12,
1179,600761,23.16,23.38,22.79,
1180,603611,48.47,49.18,47.59,
1181,002594,74.0,76.5,73.49,
1182,300045,28.08,28.83,27.78,
1183,300228,102.8,108.0,102.8,
1184,000698,11.68,11.99,11.43,
1185,000966,18.48,18.76,18.19,
1186,600611,26.69,26.87,26.16,
1187,002623,51.17,53.95,50.7,
1188,002208,28.7,30.38,28.38,
1189,300318,87.01,91.6,86.0,
1190,300115,48.96,50.49,48.0,
1191,600340,30.91,32.36,30.5,
1192,600508,17.25,17.77,17.2,
1193,600019,9.48,9.59,9.34,
1194,300311,55.0,57.33,54.3,
1195,600085,41.68,43.38,41.41,
1196,600068,13.92,14.2,13.76,
1197,002031,27.85,29.05,27.16,
1198,000682,11.41,11.8,11.17,
1199,600973,22.2,22.87,21.95,
1200,002579,33.69,34.44,33.12,
1201,600251,19.5,20.44,19.5,
1202,600651,26.7,28.15,25.87,
1203,000020,22.97,23.21,22.31,
1204,601038,18.88,19.66,18.68,
1205,000913,15.12,15.7,15.1,
1206,600169,12.7,13.0,12.48,
1207,600026,12.81,13.1,12.5,
1208,002514,36.56,37.69,36.56,
1209,600845,81.59,83.0,80.0,
1210,601226,23.0,24.2,22.31,
1211,002687,21.5,22.22,21.05,
1212,600446,216.56,227.22,202.83,
1213,002023,28.01,28.56,27.59,
1214,601992,14.09,14.54,14.01,
1215,600782,9.42,9.62,9.28,
1216,600683,14.23,14.83,14.16,
1217,000407,12.38,12.89,12.3,
1218,002598,18.28,19.4,17.7,
1219,000002,15.35,15.66,15.3,
1220,600122,23.1,24.36,23.1,
1221,600891,16.29,16.78,16.03,
1222,002276,41.58,41.59,39.84,
1223,300238,61.0,63.1,58.8,
1224,002036,29.0,32.0,28.81,
1225,002004,17.47,17.85,17.2,
1226,600422,49.3,51.5,48.61,
1227,002195,62.22,63.6,61.0,
1228,000607,19.65,20.19,19.22,
1229,600170,14.21,14.4,13.7,
1230,601008,13.83,14.4,13.79,
1231,600712,17.81,19.0,17.38,
1232,002115,23.78,24.68,23.32,
1233,300034,48.35,50.0,48.35,
1234,600660,16.9,17.1,16.82,
1235,002108,17.93,18.35,17.55,
1236,600056,24.4,24.44,23.71,
1237,600588,70.0,72.99,68.01,
1238,300369,76.7,79.39,76.6,
1239,000923,40.09,40.98,38.5,
1240,601958,16.2,16.49,16.2,
1241,002041,23.39,24.07,22.9,
1242,600182,32.89,33.23,32.49,
1243,600839,13.28,13.65,12.86,
1244,601179,13.29,13.62,13.08,
1245,601717,16.49,17.16,16.49,
1246,002282,20.46,21.0,20.2,
1247,002504,41.43,41.99,39.85,
1248,600285,17.77,17.91,17.23,
1249,002352,56.96,58.7,56.12,
1250,300144,83.0,84.38,79.8,
1251,002426,22.1,23.08,22.0,
1252,002216,21.15,21.59,20.88,
1253,601001,11.6,11.99,11.48,
1254,002142,22.19,22.46,21.91,
1255,002051,40.4,42.38,40.36,
1256,601901,14.98,15.33,14.97,
1257,002164,18.36,18.54,18.11,
1258,000540,17.08,17.67,16.82,
1259,300389,64.64,65.62,63.74,
1260,000430,16.16,16.55,15.93,
1261,600769,17.34,17.67,16.92,
1262,002736,31.42,32.37,31.42,
1263,000705,26.2,26.78,25.4,
1264,601012,20.6,21.4,20.52,
1265,002507,49.5,51.82,48.5,
1266,300021,24.25,24.98,23.95,
1267,600369,25.51,25.95,25.4,
1268,600862,38.8,39.48,38.5,
1269,000977,44.21,44.99,43.71,
1270,600784,17.33,18.28,17.07,
1271,601231,52.18,54.18,51.13,
1272,002305,12.17,12.95,12.03,
1273,300326,87.01,89.52,85.5,
1274,600111,25.41,25.85,24.75,
1275,300375,39.51,41.14,38.0,
1276,002019,48.5,49.49,47.03,
1277,002280,78.41,79.45,75.7,
1278,002661,60.9,62.97,60.39,
1279,600805,22.8,23.25,22.56,
1280,300267,40.7,41.65,40.1,
1281,002487,16.73,17.04,16.51,
1282,603099,30.23,31.23,30.05,
1283,300215,15.61,15.85,15.24,
1284,600750,44.58,45.29,44.31,
1285,000404,13.28,13.77,13.21,
1286,600376,15.68,16.2,15.31,
1287,600326,20.45,21.41,19.82,
1288,000623,43.95,45.28,43.95,
1289,000851,26.4,27.18,26.3,
1290,600880,23.31,24.25,23.19,
1291,300254,72.99,74.3,70.0,
1292,600115,11.65,11.88,11.23,
1293,600505,16.83,17.31,16.68,
1294,600359,18.49,19.08,18.21,
1295,600560,28.01,28.45,27.41,
1296,600686,29.5,30.03,29.01,
1297,600874,18.59,19.46,18.22,
1298,000504,33.31,36.0,33.31,
1299,600475,25.6,26.5,25.41,
1300,603993,17.73,18.28,17.73,
1301,600176,31.87,33.2,31.56,
1302,600550,16.63,17.0,16.41,
1303,000983,11.16,11.48,11.11,
1304,600577,10.86,11.37,10.59,
1305,300331,83.35,87.4,83.35,
1306,600523,32.5,34.48,32.1,
1307,600543,23.0,24.56,22.7,
1308,002390,24.66,25.0,24.35,
1309,300200,22.98,24.28,22.66,
1310,600598,24.65,25.3,24.65,
1311,600535,53.68,54.49,53.2,
1312,300398,90.5,90.96,87.58,
1313,600345,29.59,30.09,29.38,
1314,002660,23.68,24.23,21.86,
1315,000069,12.01,12.09,11.91,
1316,002485,20.9,21.39,20.69,
1317,002475,57.0,57.8,51.35,
1318,300080,16.72,17.0,16.44,
1319,002271,30.4,31.32,30.01,
1320,002328,19.81,20.3,19.4,
1321,000563,18.43,19.08,18.27,
1322,300019,23.79,23.88,23.37,
1323,002009,35.93,36.48,35.0,
1324,002240,22.14,22.55,21.5,
1325,000595,19.05,19.62,18.58,
1326,603318,77.0,78.09,68.1,
1327,601222,47.69,48.23,46.61,
1328,600081,27.46,28.0,26.85,
1329,300073,42.0,43.98,41.03,
1330,600305,37.01,38.38,36.35,
1331,002255,32.99,34.91,32.42,
1332,000797,42.44,44.65,41.4,
1333,600132,31.8,32.48,31.36,
1334,600626,26.61,27.1,26.0,
1335,601198,38.4,39.8,38.33,
1336,601137,35.39,36.51,35.03,
1337,600233,27.26,27.72,26.65,
1338,600621,22.62,23.1,22.0,
1339,000552,15.4,15.9,15.31,
1340,002484,29.73,30.4,29.24,
1341,000011,19.32,19.88,19.32,
1342,601939,7.06,7.11,7.0,
1343,600978,23.05,23.67,22.5,
1344,002432,40.21,42.8,40.21,
1345,600585,27.15,27.46,26.8,
1346,600016,10.99,11.13,10.85,
1347,000100,7.29,7.43,7.24,
1348,600488,12.79,13.29,12.5,
1349,600297,29.22,30.48,29.19,
1350,600859,40.91,41.68,40.0,
1351,600080,20.44,20.91,20.21,
1352,002580,27.69,28.5,27.3,
1353,603000,76.89,79.49,76.33,
1354,600449,17.09,17.47,16.58,
1355,000639,24.43,25.49,24.0,
1356,000651,61.4,62.15,61.28,
1357,300075,60.39,62.38,59.1,
1358,002492,23.82,25.18,23.57,
1359,600028,7.88,7.94,7.81,
1360,600781,33.58,33.95,33.37,
1361,601288,3.95,3.97,3.91,
1362,600606,38.0,38.19,37.31,
1363,300330,30.35,31.27,29.52,
1364,000965,14.3,14.78,13.95,
1365,000671,24.88,25.19,24.46,
1366,600616,22.39,23.87,21.92,
1367,002415,47.6,49.19,47.38,
1368,300234,28.8,29.14,27.8,
1369,002033,21.07,21.25,20.54,
1370,600572,32.78,33.3,31.68,
1371,600692,23.53,24.99,23.24,
1372,002062,14.83,15.21,14.79,
1373,600612,60.2,60.88,59.52,
1374,002103,40.8,41.8,39.6,
1375,002323,45.18,46.32,44.51,
1376,600809,28.01,29.69,28.0,
1377,300177,30.3,31.31,30.2,
1378,000088,13.34,13.46,12.92,
1379,600004,19.89,19.98,19.49,
1380,600048,13.26,13.39,13.18,
1381,600823,17.73,18.1,17.51,
1382,002181,21.89,22.98,21.46,
1383,000531,18.0,18.1,17.61,
1384,002400,33.79,34.9,33.77,
1385,002709,56.48,57.9,55.8,
1386,601688,29.8,30.2,29.47,
1387,300014,38.01,39.48,37.82,
1388,600654,43.6,47.07,42.4,
1389,000686,25.21,25.7,25.1,
1390,300015,39.15,40.58,39.1,
1391,002063,50.95,51.51,49.98,
1392,600390,23.46,23.72,22.91,
1393,000159,16.25,16.66,16.01,
1394,600278,28.15,28.5,27.43,
1395,002641,14.0,14.29,13.78,
1396,002509,25.7,26.48,25.51,
1397,300121,18.98,19.37,18.85,
1398,000922,23.76,24.39,23.5,
1399,002314,19.75,20.48,19.06,
1400,300207,27.41,27.85,26.8,
1401,600184,37.52,38.33,36.98,
1402,002362,51.05,52.45,50.2,
1403,002564,19.7,20.9,19.55,
1404,603126,22.72,23.1,22.65,
1405,600299,30.49,31.3,30.0,
1406,000421,15.15,15.34,15.01,
1407,000783,17.86,18.1,17.81,
1408,000918,10.0,10.5,9.87,
1409,002050,15.42,15.69,15.16,
1410,601669,15.75,15.89,15.5,
1411,601857,13.0,13.08,12.88,
1412,002189,49.4,51.0,49.0,
1413,002559,26.21,26.7,26.0,
1414,002566,26.53,26.87,25.9,
1415,300018,63.29,69.0,59.5,
1416,600988,24.0,24.5,23.6,
1417,600466,19.08,19.38,18.65,
1418,601398,5.43,5.44,5.37,
1419,000761,8.24,8.35,8.19,
1420,000018,50.1,51.5,49.6,
1421,000779,27.8,28.48,27.5,
1422,601158,14.19,14.77,14.0,
1423,600983,20.0,20.4,19.77,
1424,002013,43.1,43.6,41.86,
1425,002317,34.55,35.56,33.97,
1426,601328,8.95,8.99,8.52,
1427,600725,11.87,12.27,11.81,
1428,601678,12.08,12.28,11.82,
1429,002395,33.7,35.5,33.05,
1430,300256,34.0,35.6,33.52,
1431,600975,24.54,24.99,23.96,
1432,000935,12.2,12.69,12.05,
1433,300405,66.0,67.45,65.57,
1434,300069,54.73,56.68,51.68,
1435,300150,18.89,19.18,18.81,
1436,600629,42.9,43.7,41.7,
1437,600050,9.72,9.95,9.53,
1438,600104,26.22,26.3,25.81,
1439,002100,16.31,16.5,16.12,
1440,000030,16.35,17.05,16.25,
1441,600162,13.38,13.75,13.3,
1442,600213,19.98,20.49,19.9,
1443,601377,17.05,17.36,17.01,
1444,002406,17.28,17.58,17.15,
1445,603123,17.5,17.8,17.11,
1446,300244,117.07,125.99,116.65,
1447,000726,18.0,18.25,17.85,
1448,600273,18.41,19.64,18.4,
1449,002671,23.0,25.24,22.55,
1450,300152,43.8,43.9,42.15,
1451,002324,44.08,44.47,43.05,
1452,601996,16.48,16.86,16.25,
1453,000908,24.88,24.92,24.06,
1454,600348,12.47,12.85,12.43,
1455,002152,50.6,51.51,49.65,
1456,600748,21.9,22.22,21.43,
1457,000900,13.03,13.67,12.9,
1458,300217,22.3,22.5,21.71,
1459,600530,40.25,42.0,39.11,
1460,600146,35.75,36.49,35.0,
1461,600269,9.14,9.38,9.06,
1462,603128,18.46,18.96,17.9,
1463,600089,19.37,19.63,19.02,
1464,300216,62.0,63.33,61.7,
1465,000001,16.48,16.63,16.31,
1466,300370,34.48,35.35,33.89,
1467,600321,12.05,12.45,11.31,
1468,300077,66.25,67.21,65.5,
1469,000498,12.06,12.55,11.88,
1470,600783,56.0,56.4,54.68,
1471,600100,30.47,31.5,30.4,
1472,002236,43.1,44.33,42.6,
1473,300173,24.86,25.69,24.11,
1474,600202,18.85,19.38,18.67,
1475,002385,19.45,19.6,19.14,
1476,600642,13.25,13.35,13.03,
1477,600708,20.0,20.24,19.5,
1478,002141,33.0,33.84,32.5,
1479,002266,20.19,20.65,19.92,
1480,600739,33.8,33.96,32.9,
1481,600234,33.83,34.4,32.51,
1482,600658,21.0,21.27,20.35,
1483,600556,35.55,36.98,34.68,
1484,000768,44.99,45.5,44.0,
1485,600876,23.05,24.5,22.16,
1486,002213,23.31,24.08,23.28,
1487,600999,33.0,33.58,32.52,
1488,000738,41.5,42.0,40.91,
1489,002093,25.25,25.54,24.49,
1490,000027,25.78,26.18,25.6,
1491,601555,26.81,27.26,26.5,
1492,300274,45.3,46.14,44.11,
1493,000937,9.56,9.7,9.45,
1494,603169,29.7,29.91,29.22,
1495,002654,48.8,49.96,48.2,
1496,600518,50.89,51.6,49.71,
1497,002693,19.99,20.49,19.8,
1498,002017,30.28,30.52,30.0,
1499,002047,20.59,21.2,20.05,
1500,000987,42.1,43.38,41.95,
1501,600350,10.65,10.99,10.52,
1502,000750,21.69,22.14,21.5,
1503,300258,22.85,23.65,22.5,
1504,601388,23.9,24.01,23.1,
1505,000609,24.1,24.6,23.5,
1506,002040,24.25,25.68,23.83,
1507,600467,12.73,13.19,12.7,
1508,600219,13.55,13.68,13.2,
1509,000415,13.49,13.67,13.35,
1510,600201,95.05,96.8,90.0,
1511,601636,14.32,14.4,13.94,
1512,002508,43.05,44.44,42.61,
1513,600077,14.71,15.02,14.2,
1514,600724,14.4,15.25,14.05,
1515,000025,29.66,30.37,28.8,
1516,600015,17.18,17.29,16.88,
1517,600751,17.76,18.0,17.26,
1518,002128,18.5,19.29,18.36,
1519,600895,40.15,41.97,38.5,
1520,002072,38.51,39.6,37.28,
1521,600218,20.41,20.96,20.05,
1522,300273,43.1,46.13,42.28,
1523,600400,22.55,22.68,21.6,
1524,002730,46.34,47.34,45.44,
1525,300307,22.67,23.11,22.41,
1526,300039,23.2,23.97,22.5,
1527,600355,24.88,25.5,24.5,
1528,000988,25.99,26.2,25.4,
1529,600735,27.4,27.5,26.11,
1530,600309,27.85,28.2,27.58,
1531,000776,28.02,28.55,27.8,
1532,600138,28.74,29.27,28.3,
1533,300016,56.9,57.55,55.65,
1534,000423,60.43,60.75,59.5,
1535,600566,32.36,32.98,31.93,
1536,002401,33.72,34.4,33.51,
1537,002402,36.0,37.0,35.68,
1538,600035,9.4,9.69,9.32,
1539,600096,20.0,20.18,19.38,
1540,600236,13.19,13.5,12.86,
1541,600311,13.02,13.77,12.87,
1542,600383,15.34,15.76,15.1,
1543,600696,23.0,24.9,22.66,
1544,600993,46.1,47.36,45.44,
1545,601005,7.55,7.79,7.11,
1546,000400,34.3,34.9,33.5,
1547,000790,20.03,20.97,20.03,
1548,000822,11.14,11.28,10.9,
1549,002092,14.97,15.22,14.74,
1550,002277,25.01,25.98,24.52,
1551,300376,57.5,57.79,55.58,
1552,600292,39.4,40.6,39.0,
1553,600893,72.8,72.8,70.95,
1554,600276,62.49,62.98,61.05,
1555,002612,92.78,95.0,88.0,
1556,600875,29.05,29.47,28.62,
1557,000839,27.99,28.5,27.2,
1558,600837,27.44,27.47,26.84,
1559,601633,48.18,48.45,47.63,
1560,600887,21.7,21.87,21.12,
1561,002340,18.75,18.88,18.51,
1562,601000,16.95,17.35,16.42,
1563,601099,16.03,16.3,15.98,
1564,600635,15.48,15.52,15.2,
1565,600126,14.19,14.42,13.92,
1566,002187,28.59,29.8,28.1,
1567,600420,56.0,56.0,54.0,
1568,002342,13.4,13.6,13.12,
1569,300005,40.2,41.15,39.2,
1570,002657,138.3,139.2,132.0,
1571,600826,44.98,46.31,44.5,
1572,601318,90.69,91.65,89.66,
1573,603005,68.3,70.68,68.0,
1574,300343,144.0,145.48,138.51,
1575,002217,27.95,28.01,26.8,
1576,600478,23.9,24.1,23.35,
1577,300020,40.01,40.4,38.98,
1578,600666,51.89,52.79,51.1,
1579,600160,13.6,14.27,13.6,
1580,600697,41.16,41.99,40.5,
1581,601118,13.57,14.03,13.45,
1582,300257,34.28,35.08,33.7,
1583,300129,13.5,13.6,13.35,
1584,600744,13.3,13.44,13.1,
1585,002229,43.29,44.48,41.81,
1586,002294,37.16,37.46,36.44,
1587,000728,35.05,35.4,34.6,
1588,000611,17.1,17.97,17.02,
1589,000032,28.99,30.4,28.6,
1590,300024,115.0,116.44,110.38,
1591,600009,38.9,39.45,37.35,
1592,600054,26.3,26.53,25.81,
1593,300233,97.01,100.0,96.23,
1594,002377,15.29,15.75,15.06,
1595,300092,20.44,20.67,20.08,
1596,300339,75.8,80.4,75.7,
1597,600354,15.19,16.0,15.0,
1598,601169,14.79,14.86,14.46,
1599,002130,29.11,29.62,28.9,
1600,000777,47.76,48.29,47.03,
1601,000652,14.06,14.48,13.9,
1602,002374,31.93,32.6,31.0,
1603,002422,50.33,50.8,49.55,
1604,002146,13.6,13.8,13.2,
1605,002167,27.01,27.55,26.92,
1606,600563,45.03,45.21,43.88,
1607,000997,39.43,40.83,38.03,
1608,002089,30.0,31.88,29.68,
1609,600262,51.12,53.0,50.01,
1610,600038,79.9,80.18,77.5,
1611,000558,32.45,35.0,31.2,
1612,600036,20.58,20.77,20.1,
1613,300157,20.45,21.16,20.05,
1614,000969,19.91,20.2,19.58,
1615,600113,19.41,19.87,18.85,
1616,000530,23.35,23.76,22.81,
1617,300009,40.6,42.78,38.88,
1618,002588,38.36,39.06,37.2,
1619,600353,34.69,35.5,33.7,
1620,601106,18.5,18.95,18.18,
1621,002510,22.15,22.97,21.52,
1622,002299,21.53,21.95,21.2,
1623,600030,32.2,32.49,31.71,
1624,002184,66.93,68.0,65.66,
1625,002500,24.4,24.87,24.21,
1626,300231,34.48,35.18,33.55,
1627,000798,22.88,25.0,22.6,
1628,300417,124.8,127.5,122.09,
1629,603167,23.4,23.98,22.42,
1630,600023,13.17,13.35,13.05,
1631,601668,9.8,9.9,9.66,
1632,601899,6.46,6.49,6.4,
1633,601618,9.56,9.71,9.39,
1634,002220,21.7,21.85,20.91,
1635,300079,30.5,31.19,30.1,
1636,600529,23.82,24.06,23.3,
1637,600196,35.57,36.3,35.17,
1638,600316,47.25,47.97,46.25,
1639,002702,37.8,38.53,37.21,
1640,000919,29.09,29.68,28.11,
1641,600776,23.24,23.45,22.4,
1642,002451,25.53,26.1,25.0,
1643,002698,83.3,86.45,81.8,
1644,600720,13.68,13.79,13.38,
1645,603017,70.95,72.59,69.23,
1646,002318,80.69,84.58,79.07,
1647,300308,29.12,29.7,28.4,
1648,000899,18.42,18.79,18.01,
1649,300135,15.65,15.8,15.29,
1650,000963,76.58,77.49,75.1,
1651,601933,15.25,15.44,14.9,
1652,601238,14.84,14.99,14.63,
1653,002692,28.88,30.18,28.88,
1654,300229,41.14,43.0,40.7,
1655,000801,38.88,39.49,38.45,
1656,002650,23.8,24.99,23.45,
1657,603606,33.46,34.25,33.2,
1658,000809,16.45,16.64,16.1,
1659,002182,23.35,23.5,22.83,
1660,002708,42.21,42.98,40.7,
1661,300325,23.56,23.87,22.69,
1662,000975,25.35,25.55,24.89,
1663,002433,23.05,23.47,22.5,
1664,600662,23.16,23.9,22.58,
1665,601515,31.2,32.16,30.45,
1666,603688,35.77,36.19,35.26,
1667,002606,28.5,28.97,28.12,
1668,600613,32.55,33.33,32.01,
1669,601117,12.63,12.85,12.45,
1670,600898,23.0,24.66,22.66,
1671,600998,33.05,33.54,32.57,
1672,002194,26.22,27.99,25.72,
1673,600423,14.23,14.38,14.06,
1674,300340,45.32,46.1,44.08,
1675,600362,28.19,28.66,27.86,
1676,600881,16.0,16.43,15.58,
1677,002335,62.51,63.23,60.58,
1678,002334,17.68,17.86,17.25,
1679,002618,59.8,59.8,57.58,
1680,300410,80.39,82.4,79.87,
1681,000553,21.33,21.68,20.91,
1682,300230,28.83,29.5,28.19,
1683,600185,40.28,41.48,39.96,
1684,002267,20.42,20.59,20.2,
1685,600073,19.0,19.18,18.36,
1686,002568,158.5,162.87,153.5,
1687,000333,38.08,38.69,37.55,
1688,300395,47.45,47.45,46.6,
1689,000503,79.89,79.89,77.0,
1690,000625,23.3,23.42,22.82,
1691,000598,12.55,12.64,12.26,
1692,300088,41.5,41.5,36.8,
1693,300303,17.6,17.64,17.21,
1694,002467,27.68,28.17,27.05,
1695,600064,27.78,27.97,27.12,
1696,600259,68.32,69.2,67.58,
1697,002639,45.81,46.26,45.18,
1698,002690,54.11,54.47,52.6,
1699,002682,40.0,40.1,38.49,
1700,600961,20.02,20.14,19.57,
1701,600516,16.67,16.88,16.32,
1702,600624,26.89,27.0,26.24,
1703,002145,29.7,29.97,29.1,
1704,002382,39.6,40.87,38.85,
1705,000153,19.78,19.99,19.03,
1706,002158,32.58,33.68,32.1,
1707,000657,28.7,29.5,28.19,
1708,600216,17.45,17.96,17.2,
1709,000005,14.15,14.22,13.8,
1710,600312,26.48,26.96,26.01,
1711,300169,18.5,19.0,18.38,
1712,300300,95.54,96.2,92.68,
1713,300058,23.1,23.45,22.3,
1714,600643,29.5,29.8,28.58,
1715,002349,67.67,68.75,66.71,
1716,300081,80.52,85.05,77.58,
1717,300220,75.78,76.85,73.5,
1718,300076,35.8,36.52,35.3,
1719,002610,20.84,21.2,20.5,
1720,600819,14.96,14.98,14.52,
1721,300163,59.0,60.67,58.11,
1722,300187,59.01,60.23,57.29,
1723,002351,54.45,56.0,51.59,
1724,600129,41.0,41.67,40.02,
1725,600481,29.14,29.33,28.56,
1726,300192,19.95,20.5,19.52,
1727,002614,25.4,25.6,24.65,
1728,600834,26.08,26.8,25.12,
1729,600495,28.25,28.59,27.9,
1730,002534,31.3,32.2,30.51,
1731,000049,62.08,62.87,60.1,
1732,600557,40.15,40.97,39.1,
1733,002259,15.2,15.48,14.66,
1734,000999,40.2,41.08,39.27,
1735,600161,51.82,52.0,50.7,
1736,600650,31.52,32.26,30.5,
1737,000961,28.56,28.6,27.8,
1738,603368,111.47,111.5,105.0,
1739,002138,23.75,24.08,23.2,
1740,600636,26.38,26.83,25.85,
1741,600282,7.9,7.99,7.7,
1742,000836,26.18,26.4,25.59,
1743,601600,10.48,10.58,10.11,
1744,000620,18.22,18.56,17.62,
1745,002174,149.99,160.1,146.0,
1746,000656,10.26,10.39,10.06,
1747,002086,34.27,34.55,33.68,
1748,600489,16.38,16.47,16.12,
1749,000960,27.45,27.65,27.06,
1750,300137,26.03,26.25,25.31,
1751,600694,70.21,71.47,68.5,
1752,300383,90.84,92.85,86.82,
1753,600351,18.23,18.42,18.04,
1754,300378,111.9,112.0,105.47,
1755,002453,16.82,17.28,16.59,
1756,002497,12.21,12.3,11.87,
1757,300335,26.5,27.07,25.61,
1758,300252,60.99,61.9,59.86,
1759,300271,69.96,73.7,68.01,
1760,600130,17.8,18.15,17.21,
1761,002711,111.81,115.42,111.81,
1762,002734,47.09,48.21,46.12,
1763,600323,23.65,23.8,23.2,
1764,600705,33.13,33.49,32.0,
1765,000628,23.33,23.56,22.76,
1766,000962,19.8,20.15,19.68,
1767,600655,24.59,25.18,24.0,
1768,002191,18.65,18.83,18.28,
1769,000826,54.61,55.6,53.5,
1770,002273,46.22,47.51,45.21,
1771,002470,28.84,29.14,28.35,
1772,603333,14.9,14.99,14.62,
1773,000856,19.4,20.42,19.18,
1774,600029,12.53,12.74,12.0,
1775,300094,40.03,40.93,39.0,
1776,300054,38.1,38.84,37.1,
1777,002073,28.03,29.1,27.5,
1778,002285,33.3,34.29,32.5,
1779,002431,45.95,48.2,44.5,
1780,300304,36.15,37.51,35.72,
1781,300269,43.75,44.98,41.89,
1782,600630,22.8,23.2,22.45,
1783,600545,22.5,23.27,22.01,
1784,002387,23.88,23.98,23.51,
1785,000516,34.28,34.86,33.62,
1786,002604,20.4,20.8,19.81,
1787,300170,34.18,34.6,33.19,
1788,601727,22.31,22.65,21.75,
1789,600119,38.2,38.8,36.21,
1790,600289,29.48,29.88,28.88,
1791,600256,12.6,12.84,12.35,
1792,002448,19.84,20.02,19.5,
1793,600497,19.73,19.86,19.1,
1794,000967,29.85,29.88,29.1,
1795,600549,34.75,34.79,33.62,
1796,000428,17.22,17.96,16.95,
1797,002450,42.48,42.83,41.16,
1798,600822,20.25,20.79,19.6,
1799,300250,100.84,101.0,97.24,
1800,600517,22.4,22.48,21.5,
1801,600109,31.8,32.22,31.22,
1802,000536,26.0,26.68,25.4,
1803,002049,57.25,58.59,56.47,
1804,002118,27.9,28.0,26.89,
1805,601010,15.7,15.86,15.38,
1806,601969,28.03,28.24,27.58,
1807,001696,26.19,26.3,25.47,
1808,300371,42.99,44.02,41.95,
1809,002622,39.98,40.2,38.58,
1810,300301,15.19,15.49,14.89,
1811,000012,17.07,17.25,16.8,
1812,600248,20.0,20.5,19.54,
1813,300199,50.1,51.0,48.01,
1814,000597,16.8,16.97,16.6,
1815,000662,35.76,36.31,34.42,
1816,601601,34.86,35.14,34.31,
1817,600833,35.58,36.82,35.01,
1818,002230,52.11,52.8,51.02,
1819,600600,56.0,56.5,54.9,
1820,000021,18.67,18.95,18.15,
1821,002689,18.61,18.94,18.36,
1822,002275,35.3,36.23,34.73,
1823,600889,24.1,24.35,23.68,
1824,002140,33.25,33.74,32.65,
1825,600051,18.39,18.79,18.13,
1826,002148,36.42,37.15,35.62,
1827,002198,20.5,20.8,19.52,
1828,601888,75.0,75.8,72.99,
1829,002235,42.0,42.77,40.95,
1830,002161,29.38,29.85,28.44,
1831,600021,29.69,30.32,29.0,
1832,002731,49.32,49.58,48.49,
1833,600010,7.17,7.17,6.92,
1834,300456,149.29,149.29,132.23,
1835,300010,42.5,42.7,41.0,
1836,300259,22.91,23.78,22.87,
1837,002447,19.24,19.9,19.1,
1838,000852,38.68,38.99,37.28,
1839,600818,63.75,64.02,61.5,
1840,600352,19.2,19.34,18.68,
1841,000507,13.75,14.17,13.5,
1842,002160,18.87,19.0,18.5,
1843,000831,38.48,38.89,37.52,
1844,300070,60.04,60.4,57.96,
1845,000695,28.85,29.01,28.0,
1846,300053,68.4,71.0,66.66,
1847,600800,18.61,18.73,17.98,
1848,601018,12.62,12.79,12.31,
1849,002735,56.44,56.98,54.23,
1850,600917,18.27,18.65,17.9,
1851,000877,15.03,15.03,14.62,
1852,600618,18.31,18.93,18.08,
1853,000582,28.0,28.28,27.61,
1854,601186,22.33,22.52,21.8,
1855,002135,18.26,18.43,17.92,
1856,600496,10.73,10.84,10.47,
1857,002469,30.25,30.73,29.1,
1858,300355,26.21,26.49,25.72,
1859,600620,23.66,23.94,23.1,
1860,603288,38.35,38.98,37.65,
1861,000410,37.9,38.57,37.5,
1862,000546,19.4,20.23,19.05,
1863,600206,26.19,26.3,25.25,
1864,002673,36.5,39.26,36.5,
1865,600105,43.0,43.43,39.5,
1866,600490,20.5,20.67,19.77,
1867,002493,33.82,34.3,32.71,
1868,000825,8.85,8.92,8.55,
1869,600787,17.52,17.73,17.0,
1870,600867,29.59,29.68,28.91,
1871,300172,25.36,25.5,24.9,
1872,002634,44.01,45.79,43.67,
1873,601519,28.18,28.48,27.69,
1874,002064,12.6,12.69,12.12,
1875,300333,162.5,163.0,152.55,
1876,002237,17.15,17.28,16.73,
1877,002338,97.54,100.11,93.0,
1878,601628,37.6,37.66,36.7,
1879,600267,27.15,27.35,26.73,
1880,601608,24.24,25.63,24.1,
1881,600812,12.45,12.5,12.05,
1882,300151,30.3,30.5,29.28,
1883,601699,12.2,12.5,12.0,
1884,002515,41.28,41.96,40.53,
1885,300344,23.2,24.38,22.7,
1886,000663,28.4,28.6,27.77,
1887,600713,19.13,19.3,18.65,
1888,300114,57.65,59.29,56.31,
1889,601216,34.98,35.29,34.2,
1890,002584,62.44,62.76,59.68,
1891,002296,36.4,36.98,34.81,
1892,002219,45.23,45.75,44.5,
1893,600284,25.88,26.95,24.0,
1894,002729,75.0,76.0,73.0,
1895,601313,25.47,25.58,24.8,
1896,000748,37.97,38.67,37.35,
1897,600838,21.09,22.08,20.3,
1898,601700,17.03,17.24,16.7,
1899,300168,75.18,76.37,70.5,
1900,600728,53.95,54.5,51.96,
1901,300430,144.0,148.82,135.0,
1902,600221,6.45,6.5,6.25,
1903,002550,33.62,34.11,32.65,
1904,000875,16.35,16.79,16.08,
1905,002113,48.39,48.39,45.7,
1906,600380,22.98,23.4,22.78,
1907,002293,28.88,29.2,28.2,
1908,600824,14.01,14.5,13.56,
1909,000911,23.55,24.6,23.02,
1910,300210,30.3,31.65,30.0,
1911,601989,18.1,18.38,17.67,
1912,600858,17.34,17.87,17.04,
1913,300334,45.0,46.3,43.8,
1914,000061,27.0,27.37,26.41,
1915,002538,19.54,20.58,19.07,
1916,600759,20.8,21.09,20.09,
1917,002381,22.83,23.27,22.35,
1918,600432,24.25,24.68,23.5,
1919,601677,21.93,22.37,21.5,
1920,000603,35.04,35.2,33.85,
1921,300195,40.67,41.17,39.71,
1922,000401,19.6,19.91,19.14,
1923,600690,31.65,31.98,31.01,
1924,600095,18.59,19.0,18.0,
1925,300107,12.7,12.73,12.25,
1926,300293,40.5,40.98,39.27,
1927,600723,15.14,15.21,14.59,
1928,300280,38.25,39.05,37.31,
1929,002098,24.67,25.1,24.01,
1930,603729,142.2,142.94,135.08,
1931,300327,33.11,34.1,33.0,
1932,002007,65.81,67.26,64.29,
1933,600547,31.14,31.15,30.2,
1934,002079,16.11,16.11,15.7,
1935,300103,34.15,34.5,32.88,
1936,300390,52.55,52.95,50.65,
1937,002578,16.58,16.7,16.25,
1938,600717,21.04,21.27,20.4,
1939,300379,113.5,115.01,111.0,
1940,002120,40.7,40.99,39.58,
1941,000048,23.2,23.46,22.62,
1942,002101,39.56,40.56,38.6,
1943,600361,15.08,15.18,14.71,
1944,002274,18.6,19.2,18.4,
1945,600897,38.13,38.72,37.21,
1946,002044,60.97,65.0,59.88,
1947,600436,81.16,81.18,79.31,
1948,300407,54.96,55.5,53.4,
1949,002348,25.75,26.6,25.11,
1950,002495,14.78,14.92,14.49,
1951,002085,74.01,75.9,73.5,
1952,600965,20.88,21.13,19.75,
1953,600704,38.64,39.58,38.41,
1954,002421,32.48,32.99,31.79,
1955,300315,21.18,21.44,20.63,
1956,002603,30.4,30.74,29.52,
1957,002413,61.8,62.5,59.0,
1958,002059,16.19,16.3,15.7,
1959,002428,28.86,29.1,27.8,
1960,000099,26.26,26.8,25.73,
1961,002094,25.78,26.5,25.6,
1962,600222,17.9,17.91,17.35,
1963,600730,38.77,39.6,38.01,
1964,600168,18.98,19.08,18.48,
1965,002437,41.0,41.3,39.78,
1966,002732,41.95,41.99,40.6,
1967,002172,17.65,17.65,17.18,
1968,600718,35.66,35.89,34.5,
1969,000040,18.41,18.46,17.6,
1970,600663,75.0,76.45,69.9,
1971,000555,103.4,105.0,100.98,
1972,600853,11.68,11.77,11.33,
1973,002307,20.75,21.04,20.18,
1974,300401,33.69,33.99,33.01,
1975,300413,76.25,78.12,74.0,
1976,600827,26.74,27.7,25.8,
1977,600814,19.24,19.4,18.71,
1978,002681,86.33,86.6,82.39,
1979,000829,26.64,26.81,25.81,
1980,000063,33.25,33.38,32.6,
1981,600363,29.05,29.5,28.0,
1982,002111,42.41,44.68,39.8,
1983,002037,46.6,46.95,45.25,
1984,603609,28.99,29.2,28.28,
1985,601021,135.1,137.99,132.88,
1986,600018,10.73,10.95,10.23,
1987,000028,88.1,88.55,86.5,
1988,300130,136.67,138.8,131.9,
1989,300124,64.99,65.88,63.16,
1990,000060,26.41,26.75,25.69,
1991,601111,13.11,13.38,12.76,
1992,601800,19.18,19.3,18.6,
1993,603309,79.51,80.6,78.21,
1994,002096,32.6,33.44,31.8,
1995,600987,19.7,20.08,19.29,
1996,600701,35.8,37.88,34.78,
1997,002489,47.75,48.77,46.0,
1998,600706,31.0,31.36,30.29,
1999,002254,22.6,22.74,21.91,
2000,601336,66.52,67.28,65.0,
2001,002474,27.6,27.87,26.84,
2002,000906,33.5,33.5,32.23,
2003,603988,69.5,71.13,67.3,
2004,000905,24.02,24.15,23.6,
2005,600328,22.99,23.55,22.4,
2006,600884,39.51,39.61,38.3,
2007,000409,22.9,23.07,22.12,
2008,600225,15.1,16.0,14.6,
2009,002156,27.3,27.57,26.55,
2010,000739,14.3,14.37,13.96,
2011,601390,19.62,19.62,18.95,
2012,002295,32.4,32.83,31.53,
2013,002186,33.86,33.87,32.88,
2014,600510,23.38,23.5,23.0,
2015,000532,32.0,34.0,31.4,
2016,600388,26.48,26.48,25.84,
2017,002733,40.0,40.86,37.93,
2018,300445,186.68,195.9,177.2,
2019,601886,21.31,21.88,20.87,
2020,600288,39.61,39.79,37.01,
2021,600687,45.55,45.55,43.86,
2022,000046,20.49,20.7,19.98,
2023,600483,23.2,23.84,22.68,
2024,300403,72.3,72.6,69.8,
2025,603686,116.5,118.0,112.39,
2026,600392,40.02,40.04,38.2,
2027,600754,41.0,41.7,39.7,
2028,002528,30.08,31.2,29.0,
2029,002410,35.0,35.21,33.82,
2030,000796,40.1,41.68,38.93,
2031,002344,29.76,30.0,28.95,
2032,000426,19.3,19.96,18.5,
2033,000584,30.52,30.99,29.98,
2034,300324,90.31,90.5,88.0,
2035,601002,21.9,21.96,21.31,
2036,002178,24.11,24.34,23.4,
2037,600680,32.49,34.07,31.51,
2038,002082,21.68,22.0,21.13,
2039,603199,62.0,62.46,60.21,
2040,600711,16.3,16.3,15.8,
2041,600332,46.81,47.08,45.9,
2042,002593,36.85,37.3,35.7,
2043,300406,69.49,69.98,67.88,
2044,300243,30.1,30.68,29.41,
2045,300055,39.3,39.79,38.5,
2046,603600,91.88,98.11,89.0,
2047,600171,35.0,35.2,33.8,
2048,300023,52.31,53.86,50.51,
2049,300159,30.82,30.9,29.14,
2050,600101,18.06,18.78,17.79,
2051,300385,93.0,93.7,90.5,
2052,000560,43.53,44.0,42.8,
2053,600835,44.57,46.18,43.3,
2054,002724,42.4,42.65,40.8,
2055,000971,41.1,41.87,40.09,
2056,600844,15.18,15.18,14.59,
2057,300316,23.03,23.65,22.4,
2058,300428,71.04,75.43,68.05,
2059,000756,17.84,17.87,17.25,
2060,300363,55.05,55.88,52.89,
2061,002496,35.88,35.97,34.82,
2062,300408,52.65,52.98,50.81,
2063,600382,24.0,24.56,23.61,
2064,300219,42.59,42.79,41.05,
2065,600468,32.53,32.83,31.38,
2066,600158,38.81,39.25,37.69,
2067,000732,36.9,37.03,35.9,
2068,600513,41.2,41.82,39.76,
2069,600796,20.26,20.32,19.45,
2070,603969,33.0,33.77,32.39,
2071,603088,70.3,71.75,68.97,
2072,600438,22.0,22.0,21.25,
2073,000811,25.84,25.84,23.48,
2074,603328,41.23,41.61,40.22,
2075,300156,44.6,44.7,42.93,
2076,002481,47.35,47.35,45.5,
2077,000736,21.62,21.85,20.87,
2078,300412,61.01,63.25,59.5,
2079,002590,25.5,26.03,25.2,
2080,002556,33.5,33.86,32.2,
2081,000078,34.95,35.83,33.59,
2082,002491,29.2,29.33,28.32,
2083,002302,27.5,27.98,26.5,
2084,300111,11.68,11.86,11.3,
2085,600528,23.38,23.38,22.63,
2086,000050,35.42,35.8,34.37,
2087,600565,16.8,17.04,16.01,
2088,000413,14.63,14.8,14.1,
2089,600888,18.88,18.88,18.11,
2090,603168,81.67,81.85,78.88,
2091,002179,47.6,47.88,46.2,
2092,601058,15.36,15.79,14.92,
2093,002252,67.2,68.18,65.8,
2094,000828,21.67,21.78,21.0,
2095,300248,59.2,60.09,57.0,
2096,600801,14.88,14.96,14.44,
2097,600576,71.0,71.78,64.17,
2098,000594,2.1,2.14,2.06,
2099,000681,60.81,61.68,58.6,
2100,300059,83.95,84.98,80.5,
2101,300391,35.04,35.2,32.1,
2102,000710,32.95,33.0,31.4,
2103,600811,16.9,17.1,16.61,
2104,603338,158.83,160.0,152.1,
2105,002337,20.45,20.59,19.68,
2106,600372,48.7,48.7,46.58,
2107,002001,28.42,29.0,27.6,
2108,002472,44.01,48.0,41.13,
2109,002585,23.25,23.25,21.4,
2110,600343,40.01,40.8,39.01,
2111,002301,35.4,36.0,33.8,
2112,002376,29.53,29.56,28.52,
2113,600503,24.99,25.25,23.93,
2114,600789,25.58,25.75,23.52,
2115,600271,94.0,95.95,90.02,
2116,002055,65.38,66.58,63.21,
2117,002419,22.77,22.85,22.1,
2118,002749,122.98,123.18,116.0,
2119,300433,123.0,124.71,118.5,
2120,600552,38.01,38.49,36.55,
2121,002427,32.09,32.88,30.9,
2122,300179,16.1,16.28,15.5,
2123,002149,37.4,37.47,33.78,
2124,600733,76.44,77.6,74.0,
2125,603188,41.94,42.1,40.5,
2126,300423,57.32,58.99,55.7,
2127,002341,32.95,33.67,32.13,
2128,000592,47.1,48.88,42.78,
2129,300122,43.9,44.78,42.75,
2130,002725,36.75,37.05,35.47,
2131,002742,49.35,49.77,48.0,
2132,600773,25.2,25.2,23.87,
2133,002535,20.24,20.34,19.68,
2134,002747,98.9,100.94,95.66,
2135,000633,23.83,24.18,22.97,
2136,002713,50.21,50.98,48.66,
2137,600785,29.47,29.8,28.12,
2138,000610,25.24,26.18,23.5,
2139,002075,29.6,29.99,28.2,
2140,603698,58.0,58.5,55.88,
2141,000810,33.28,33.5,32.0,
2142,300427,95.6,95.6,84.31,
2143,600008,19.3,19.68,18.9,
2144,600458,35.4,35.4,33.5,
2145,600749,28.0,28.45,27.3,
2146,600604,26.95,27.56,25.53,
2147,603883,88.0,89.49,83.01,
2148,601113,16.19,16.19,15.5,
2149,000096,31.5,33.4,30.05,
2150,300347,51.85,52.3,48.81,
2151,002251,37.27,37.77,36.29,
2152,000762,27.07,27.4,26.51,
2153,600673,12.72,12.73,12.24,
2154,603100,34.36,34.66,33.4,
2155,600266,26.41,26.49,25.5,
2156,300416,96.33,98.22,91.0,
2157,002358,71.5,72.3,68.4,
2158,002372,26.64,27.01,25.81,
2159,002366,97.53,98.5,92.0,
2160,600287,21.53,21.67,20.85,
2161,600729,46.72,46.98,45.45,
2162,600491,17.38,17.6,16.65,
2163,002197,82.0,82.0,77.32,
2164,603899,52.61,52.61,50.8,
2165,300388,50.94,51.55,49.75,
2166,300328,49.0,49.78,47.0,
2167,600229,32.18,32.18,30.86,
2168,002287,51.0,51.0,48.6,
2169,600270,38.0,38.66,36.55,
2170,300322,24.2,24.89,23.58,
2171,002737,69.89,70.5,67.6,
2172,300270,30.94,31.48,29.61,
2173,002207,33.17,33.42,32.01,
2174,002034,65.55,66.0,62.88,
2175,603519,64.35,65.55,62.0,
2176,002516,25.17,25.17,22.16,
2177,600338,41.8,43.2,40.11,
2178,300415,61.0,61.51,58.5,
2179,300302,52.0,52.54,50.3,
2180,300284,32.7,32.99,31.82,
2181,300178,49.91,50.49,47.63,
2182,600770,31.05,31.1,29.78,
2183,300149,27.73,28.0,26.38,
2184,603158,67.8,69.49,64.75,
2185,002462,71.9,73.68,68.03,
2186,300426,161.73,162.88,150.0,
2187,300194,39.06,40.0,37.02,
2188,002233,25.0,25.83,23.5,
2189,300197,34.4,34.72,32.64,
2190,603889,41.17,41.21,39.11,
2191,002707,141.1,142.99,135.65,
2192,002745,62.22,62.77,59.45,
2193,601069,28.49,28.49,27.0,
2194,000661,180.0,181.8,175.0,
2195,000693,33.82,34.17,32.54,
2196,002104,36.26,36.58,34.45,
2197,002615,29.83,29.92,28.88,
2198,603806,65.41,66.38,63.68,
2199,300125,56.03,57.53,53.5,
2200,600765,38.5,39.29,37.5,
2201,300348,188.0,193.37,180.0,
2202,000752,29.6,29.93,28.7,
2203,002030,76.9,76.9,73.82,
2204,002247,40.22,42.52,39.0,
2205,603306,57.05,58.5,55.5,
2206,000517,25.0,25.1,23.81,
2207,300394,107.38,108.45,103.3,
2208,002684,44.3,47.0,42.45,
2209,300400,67.08,67.1,64.0,
2210,600836,33.82,34.22,32.28,
2211,002315,152.97,152.97,146.0,
2212,300288,84.5,86.05,81.78,
2213,300044,44.19,44.79,43.01,
2214,300212,87.98,90.8,85.2,
2215,603828,54.99,56.88,51.74,
2216,002065,42.55,42.89,40.79,
2217,603009,51.69,52.16,49.5,
2218,002397,18.48,18.85,17.8,
2219,000593,18.85,18.92,17.99,
2220,002322,37.95,37.95,34.21,
2221,601009,22.4,23.5,21.07,
2222,002520,47.36,48.7,45.8,
2223,002347,36.05,37.59,34.8,
2224,002748,53.86,54.45,51.3,
2225,600570,170.0,175.0,165.03,
2226,603601,45.21,45.79,43.1,
2227,002685,21.38,21.38,20.49,
2228,603268,55.58,56.19,53.01,
2229,600850,94.37,96.2,91.11,
2230,002375,33.35,33.58,31.86,
2231,601689,38.9,39.35,36.81,
2232,603015,50.18,50.39,47.5,
2233,002658,40.3,40.3,38.78,
2234,002750,110.39,113.4,103.5,
2235,300033,116.8,118.0,111.0,
2236,603019,126.85,128.0,119.78,
2237,300352,73.78,80.5,66.88,
2238,000065,55.0,57.84,52.01,
2239,600193,24.5,24.94,24.31,
2240,300422,117.18,118.56,110.0,
2241,000626,103.0,109.1,100.86,
2242,300435,79.01,79.58,75.08,
2243,300276,40.8,40.8,38.85,
2244,300240,33.5,33.5,30.06,
2245,300052,49.0,49.12,46.0,
2246,000815,37.93,37.93,36.49,
2247,002024,22.0,22.27,21.43,
2248,603997,40.0,41.0,38.0,
2249,300001,74.62,74.71,66.5,
2250,300404,159.59,162.96,148.0,
2251,000158,36.68,36.71,34.75,
2252,603788,56.42,56.95,53.35,
2253,601766,25.89,25.89,24.31,
2254,300429,116.0,118.17,108.18,
2255,603869,44.24,45.45,42.42,
2256,603012,45.0,45.3,42.18,
2257,000524,33.4,33.4,29.76,
2258,300085,120.32,122.0,114.0,
2259,002644,65.33,65.33,59.98,
2260,002153,212.0,223.0,196.01,
2261,603808,65.85,67.99,62.35,
2262,300439,163.7,165.7,153.9,
2263,603025,65.85,68.5,59.0,
2264,300374,36.8,36.8,34.37,
2265,600959,47.26,48.22,44.0,
2266,300453,102.18,102.19,85.68,
2267,603567,81.99,85.43,77.0,
2268,603021,72.85,75.69,66.29,
2269,002095,123.99,124.0,115.02,
2270,002752,57.95,60.0,53.98,
2271,300424,135.6,138.31,127.48,
2272,603818,59.6,62.0,53.02,
2273,300443,175.01,180.8,165.0,
2274,300440,110.01,111.99,103.4,
2275,300438,116.88,119.65,108.0,
2276,300441,80.63,82.98,75.13,
2277,300442,103.0,104.97,95.01,
2278,600525,30.86,30.96,28.78,
2279,603315,70.7,72.99,66.0,
2280,300436,218.0,219.99,202.85,
2281,603989,89.7,91.39,77.0,
2282,603599,82.0,83.41,70.4,
2283,000925,45.0,45.46,42.6,
2284,600807,31.0,32.0,29.0,
2285,603789,68.15,70.6,64.0,
2286,603566,85.48,86.49,71.5,
2287,300444,81.3,83.0,75.66,
2288,603355,90.99,97.2,81.01,
2289,300457,108.25,108.25,89.0,
2290,300434,107.09,110.89,97.5,
2291,603968,98.95,99.06,82.0,
2292,300449,176.0,178.98,161.95,
2293,603022,87.6,87.6,72.99,
2294,300437,124.5,126.48,114.02,
2295,600012,19.7,19.93,18.05,
2296,300414,145.85,145.85,120.02,
2297,002756,99.0,103.3,85.8,
2298,002753,84.8,84.83,69.5,
2299,600381,48.0,49.0,44.69,
2300,002751,210.0,217.88,179.8,
2301,300409,109.98,109.98,99.99,
2302,300446,178.55,185.88,158.94,
2303,300448,175.0,179.0,160.65,
